{"8914gaperezD":[{"sp1":{"setid":[],"wpm":[],"accuracy":[]},"sp2":{"setid":[],"wpm":[],"accuracy":[]},"sp3":{"setid":[],"wpm":[],"accuracy":[]}},{"sp1":{"setid":[],"wpm":[],"accuracy":[]},"sp2":{"setid":[],"wpm":[],"accuracy":[]},"sp3":{"setid":[],"wpm":[],"accuracy":[]}}],"8914elreyesD":[{"sp1":{"setid":[],"wpm":[],"accuracy":[]},"sp2":{"setid":[],"wpm":[],"accuracy":[]},"sp3":{"setid":[],"wpm":[],"accuracy":[]}},{"sp1":{"setid":[],"wpm":[],"accuracy":[]},"sp2":{"setid":[],"wpm":[],"accuracy":[]},"sp3":{"setid":[],"wpm":[],"accuracy":[]}}],"7813masmithA":[{"sp1":{"setid":[],"wpm":[],"accuracy":[]},"sp2":{"setid":[],"wpm":[],"accuracy":[]},"sp3":{"setid":[],"wpm":[],"accuracy":[]}},{"sp1":{"setid":[],"wpm":[],"accuracy":[]},"sp2":{"setid":[],"wpm":[],"accuracy":[]},"sp3":{"setid":[],"wpm":[],"accuracy":[]}}],"7813degriffinA":[{"sp1":{"setid":[],"wpm":[],"accuracy":[]},"sp2":{"setid":[],"wpm":[],"accuracy":[]},"sp3":{"setid":[],"wpm":[],"accuracy":[]}},{"sp1":{"setid":[],"wpm":[],"accuracy":[]},"sp2":{"setid":[],"wpm":[],"accuracy":[]},"sp3":{"setid":[],"wpm":[],"accuracy":[]}}],"7813tahutterA":[{"sp1":{"setid":[],"wpm":[],"accuracy":[]},"sp2":{"setid":[],"wpm":[],"accuracy":[]},"sp3":{"setid":[],"wpm":[],"accuracy":[]}},{"sp1":{"setid":[],"wpm":[],"accuracy":[]},"sp2":{"setid":[],"wpm":[],"accuracy":[]},"sp3":{"setid":[],"wpm":[],"accuracy":[]}}],"7813mahackA":[{"sp1":{"setid":[],"wpm":[],"accuracy":[]},"sp2":{"setid":[],"wpm":[],"accuracy":[]},"sp3":{"setid":[],"wpm":[],"accuracy":[]}},{"sp1":{"setid":[],"wpm":[],"accuracy":[]},"sp2":{"setid":[],"wpm":[],"accuracy":[]},"sp3":{"setid":[],"wpm":[],"accuracy":[]}}],"7813sidemeoA":[{"sp1":{"setid":[],"wpm":[],"accuracy":[]},"sp2":{"setid":[],"wpm":[],"accuracy":[]},"sp3":{"setid":[],"wpm":[],"accuracy":[]}},{"sp1":{"setid":[],"wpm":[],"accuracy":[]},"sp2":{"setid":[],"wpm":[],"accuracy":[]},"sp3":{"setid":[],"wpm":[],"accuracy":[]}}],"7813pawilliamsA":[{"sp1":{"setid":[],"wpm":[],"accuracy":[]},"sp2":{"setid":[],"wpm":[],"accuracy":[]},"sp3":{"setid":[],"wpm":[],"accuracy":[]}},{"sp1":{"setid":[],"wpm":[],"accuracy":[]},"sp2":{"setid":[],"wpm":[],"accuracy":[]},"sp3":{"setid":[],"wpm":[],"accuracy":[]}}],"7813pewilkinsonA":[{"sp1":{"setid":[],"wpm":[],"accuracy":[]},"sp2":{"setid":[],"wpm":[],"accuracy":[]},"sp3":{"setid":[],"wpm":[],"accuracy":[]}},{"sp1":{"setid":[],"wpm":[],"accuracy":[]},"sp2":{"setid":[],"wpm":[],"accuracy":[]},"sp3":{"setid":[],"wpm":[],"accuracy":[]}}],"7813tymartinA":[{"sp1":{"setid":[],"wpm":[],"accuracy":[]},"sp2":{"setid":[],"wpm":[],"accuracy":[]},"sp3":{"setid":[],"wpm":[],"accuracy":[]}},{"sp1":{"setid":[],"wpm":[],"accuracy":[]},"sp2":{"setid":[],"wpm":[],"accuracy":[]},"sp3":{"setid":[],"wpm":[],"accuracy":[]}}],"7813moharrisA":[{"sp1":{"setid":[],"wpm":[],"accuracy":[]},"sp2":{"setid":[],"wpm":[],"accuracy":[]},"sp3":{"setid":[],"wpm":[],"accuracy":[]}},{"sp1":{"setid":[],"wpm":[],"accuracy":[]},"sp2":{"setid":[],"wpm":[],"accuracy":[]},"sp3":{"setid":[],"wpm":[],"accuracy":[]}}],"7813asmartinA":[{"sp1":{"setid":[],"wpm":[],"accuracy":[]},"sp2":{"setid":[],"wpm":[],"accuracy":[]},"sp3":{"setid":[],"wpm":[],"accuracy":[]}},{"sp1":{"setid":[],"wpm":[],"accuracy":[]},"sp2":{"setid":[],"wpm":[],"accuracy":[]},"sp3":{"setid":[],"wpm":[],"accuracy":[]}}],"7813yiagronA":[{"sp1":{"setid":[],"wpm":[],"accuracy":[]},"sp2":{"setid":[],"wpm":[],"accuracy":[]},"sp3":{"setid":[],"wpm":[],"accuracy":[]}},{"sp1":{"setid":[],"wpm":[],"accuracy":[]},"sp2":{"setid":[],"wpm":[],"accuracy":[]},"sp3":{"setid":[],"wpm":[],"accuracy":[]}}],"7813joserranoA":[{"sp1":{"setid":[],"wpm":[],"accuracy":[]},"sp2":{"setid":[],"wpm":[],"accuracy":[]},"sp3":{"setid":[],"wpm":[],"accuracy":[]}},{"sp1":{"setid":[],"wpm":[],"accuracy":[]},"sp2":{"setid":[],"wpm":[],"accuracy":[]},"sp3":{"setid":[],"wpm":[],"accuracy":[]}}]}