{"8914gaperezD":{"teacherID":8914,"districtID":8,"counterbalance_group":[0,0,0]},"8914elreyesD":{"teacherID":8914,"districtID":8,"counterbalance_group":[0,0,1]},"7813masmithA":{"teacherID":7813,"districtID":7,"counterbalance_group":[0,1,0]},"7813degriffinA":{"teacherID":7813,"districtID":7,"counterbalance_group":[0,1,1]},"7813tahutterA":{"teacherID":7813,"districtID":7,"counterbalance_group":[0,2,0]},"7813mahackA":{"teacherID":7813,"districtID":7,"counterbalance_group":[0,2,1]},"7813sidemeoA":{"teacherID":7813,"districtID":7,"counterbalance_group":[0,3,0]},"7813pawilliamsA":{"teacherID":7813,"districtID":7,"counterbalance_group":[0,3,1]},"7813pewilkinsonA":{"teacherID":7813,"districtID":7,"counterbalance_group":[0,4,0]},"7813tymartinA":{"teacherID":7813,"districtID":7,"counterbalance_group":[0,4,1]},"7813moharrisA":{"teacherID":7813,"districtID":7,"counterbalance_group":[0,5,0]},"7813asmartinA":{"teacherID":7813,"districtID":7,"counterbalance_group":[0,5,1]},"7813yiagronA":{"teacherID":7813,"districtID":7,"counterbalance_group":[1,0,0]},"7813joserranoA":{"teacherID":7813,"districtID":7,"counterbalance_group":[1,0,1]}}