{"8914gaperezD":{"name":"none","t1_status":"notStarted","t1_leftTrial":0,"t1_trialOrder":[[],[],[]],"t2_status":"notStarted","t2_leftTrial":0,"t2_trialOrder":[[],[],[]],"t3_status":"notStarted","t3_leftTrial":0,"t3_trialOrder":[[],[],[]],"completionDates":["undefined","undefined","undefined"]},"8914elreyesD":{"name":"none","t1_status":"notStarted","t1_leftTrial":0,"t1_trialOrder":[[],[],[]],"t2_status":"notStarted","t2_leftTrial":0,"t2_trialOrder":[[],[],[]],"t3_status":"notStarted","t3_leftTrial":0,"t3_trialOrder":[[],[],[]],"completionDates":["undefined","undefined","undefined"]},"7813masmithA":{"name":"none","t1_status":"notStarted","t1_leftTrial":0,"t1_trialOrder":[[],[],[]],"t2_status":"notStarted","t2_leftTrial":0,"t2_trialOrder":[[],[],[]],"t3_status":"notStarted","t3_leftTrial":0,"t3_trialOrder":[[],[],[]],"completionDates":["undefined","undefined","undefined"]},"7813degriffinA":{"name":"none","t1_status":"notStarted","t1_leftTrial":0,"t1_trialOrder":[[],[],[]],"t2_status":"notStarted","t2_leftTrial":0,"t2_trialOrder":[[],[],[]],"t3_status":"notStarted","t3_leftTrial":0,"t3_trialOrder":[[],[],[]],"completionDates":["undefined","undefined","undefined"]},"7813tahutterA":{"name":"none","t1_status":"notStarted","t1_leftTrial":0,"t1_trialOrder":[[],[],[]],"t2_status":"notStarted","t2_leftTrial":0,"t2_trialOrder":[[],[],[]],"t3_status":"notStarted","t3_leftTrial":0,"t3_trialOrder":[[],[],[]],"completionDates":["undefined","undefined","undefined"]},"7813mahackA":{"name":"none","t1_status":"notStarted","t1_leftTrial":0,"t1_trialOrder":[[],[],[]],"t2_status":"notStarted","t2_leftTrial":0,"t2_trialOrder":[[],[],[]],"t3_status":"notStarted","t3_leftTrial":0,"t3_trialOrder":[[],[],[]],"completionDates":["undefined","undefined","undefined"]},"7813sidemeoA":{"name":"none","t1_status":"notStarted","t1_leftTrial":0,"t1_trialOrder":[[],[],[]],"t2_status":"notStarted","t2_leftTrial":0,"t2_trialOrder":[[],[],[]],"t3_status":"notStarted","t3_leftTrial":0,"t3_trialOrder":[[],[],[]],"completionDates":["undefined","undefined","undefined"]},"7813pawilliamsA":{"name":"none","t1_status":"notStarted","t1_leftTrial":0,"t1_trialOrder":[[],[],[]],"t2_status":"notStarted","t2_leftTrial":0,"t2_trialOrder":[[],[],[]],"t3_status":"notStarted","t3_leftTrial":0,"t3_trialOrder":[[],[],[]],"completionDates":["undefined","undefined","undefined"]},"7813pewilkinsonA":{"name":"none","t1_status":"notStarted","t1_leftTrial":0,"t1_trialOrder":[[],[],[]],"t2_status":"notStarted","t2_leftTrial":0,"t2_trialOrder":[[],[],[]],"t3_status":"notStarted","t3_leftTrial":0,"t3_trialOrder":[[],[],[]],"completionDates":["undefined","undefined","undefined"]},"7813tymartinA":{"name":"none","t1_status":"notStarted","t1_leftTrial":0,"t1_trialOrder":[[],[],[]],"t2_status":"notStarted","t2_leftTrial":0,"t2_trialOrder":[[],[],[]],"t3_status":"notStarted","t3_leftTrial":0,"t3_trialOrder":[[],[],[]],"completionDates":["undefined","undefined","undefined"]},"7813moharrisA":{"name":"none","t1_status":"notStarted","t1_leftTrial":0,"t1_trialOrder":[[],[],[]],"t2_status":"notStarted","t2_leftTrial":0,"t2_trialOrder":[[],[],[]],"t3_status":"notStarted","t3_leftTrial":0,"t3_trialOrder":[[],[],[]],"completionDates":["undefined","undefined","undefined"]},"7813asmartinA":{"name":"none","t1_status":"notStarted","t1_leftTrial":0,"t1_trialOrder":[[],[],[]],"t2_status":"notStarted","t2_leftTrial":0,"t2_trialOrder":[[],[],[]],"t3_status":"notStarted","t3_leftTrial":0,"t3_trialOrder":[[],[],[]],"completionDates":["undefined","undefined","undefined"]},"7813yiagronA":{"name":"none","t1_status":"notStarted","t1_leftTrial":0,"t1_trialOrder":[[],[],[]],"t2_status":"notStarted","t2_leftTrial":0,"t2_trialOrder":[[],[],[]],"t3_status":"notStarted","t3_leftTrial":0,"t3_trialOrder":[[],[],[]],"completionDates":["undefined","undefined","undefined"]},"7813joserranoA":{"name":"none","t1_status":"notStarted","t1_leftTrial":0,"t1_trialOrder":[[],[],[]],"t2_status":"notStarted","t2_leftTrial":0,"t2_trialOrder":[[],[],[]],"t3_status":"notStarted","t3_leftTrial":0,"t3_trialOrder":[[],[],[]],"completionDates":["undefined","undefined","undefined"]}}