{"7815huhelmerG":{"name":"none","t1_status":"notStarted","t1_leftTrial":0,"t1_trialOrder":[[],[],[]],"t2_status":"notStarted","t2_leftTrial":0,"t2_trialOrder":[[],[],[]],"t3_status":"notStarted","t3_leftTrial":0,"t3_trialOrder":[[],[],[]],"completionDates":["undefined","undefined","undefined"]},"7815olsweatG":{"name":"none","t1_status":"notStarted","t1_leftTrial":0,"t1_trialOrder":[[],[],[]],"t2_status":"notStarted","t2_leftTrial":0,"t2_trialOrder":[[],[],[]],"t3_status":"notStarted","t3_leftTrial":0,"t3_trialOrder":[[],[],[]],"completionDates":["undefined","undefined","undefined"]},"7815cablackwelderG":{"name":"none","t1_status":"notStarted","t1_leftTrial":0,"t1_trialOrder":[[],[],[]],"t2_status":"notStarted","t2_leftTrial":0,"t2_trialOrder":[[],[],[]],"t3_status":"notStarted","t3_leftTrial":0,"t3_trialOrder":[[],[],[]],"completionDates":["undefined","undefined","undefined"]},"7815ashilgersonG":{"name":"none","t1_status":"notStarted","t1_leftTrial":0,"t1_trialOrder":[[],[],[]],"t2_status":"notStarted","t2_leftTrial":0,"t2_trialOrder":[[],[],[]],"t3_status":"notStarted","t3_leftTrial":0,"t3_trialOrder":[[],[],[]],"completionDates":["undefined","undefined","undefined"]},"7815zareeseD":{"name":"none","t1_status":"notStarted","t1_leftTrial":0,"t1_trialOrder":[[],[],[]],"t2_status":"notStarted","t2_leftTrial":0,"t2_trialOrder":[[],[],[]],"t3_status":"notStarted","t3_leftTrial":0,"t3_trialOrder":[[],[],[]],"completionDates":["undefined","undefined","undefined"]},"7815caperryE":{"name":"none","t1_status":"notStarted","t1_leftTrial":0,"t1_trialOrder":[[],[],[]],"t2_status":"notStarted","t2_leftTrial":0,"t2_trialOrder":[[],[],[]],"t3_status":"notStarted","t3_leftTrial":0,"t3_trialOrder":[[],[],[]],"completionDates":["undefined","undefined","undefined"]},"7815sibellamyC":{"name":"none","t1_status":"notStarted","t1_leftTrial":0,"t1_trialOrder":[[],[],[]],"t2_status":"notStarted","t2_leftTrial":0,"t2_trialOrder":[[],[],[]],"t3_status":"notStarted","t3_leftTrial":0,"t3_trialOrder":[[],[],[]],"completionDates":["undefined","undefined","undefined"]},"7815mamillerG":{"name":"none","t1_status":"notStarted","t1_leftTrial":0,"t1_trialOrder":[[],[],[]],"t2_status":"notStarted","t2_leftTrial":0,"t2_trialOrder":[[],[],[]],"t3_status":"notStarted","t3_leftTrial":0,"t3_trialOrder":[[],[],[]],"completionDates":["undefined","undefined","undefined"]},"7815albryantG":{"name":"none","t1_status":"notStarted","t1_leftTrial":0,"t1_trialOrder":[[],[],[]],"t2_status":"notStarted","t2_leftTrial":0,"t2_trialOrder":[[],[],[]],"t3_status":"notStarted","t3_leftTrial":0,"t3_trialOrder":[[],[],[]],"completionDates":["undefined","undefined","undefined"]},"7815trjohnsonG":{"name":"none","t1_status":"notStarted","t1_leftTrial":0,"t1_trialOrder":[[],[],[]],"t2_status":"notStarted","t2_leftTrial":0,"t2_trialOrder":[[],[],[]],"t3_status":"notStarted","t3_leftTrial":0,"t3_trialOrder":[[],[],[]],"completionDates":["undefined","undefined","undefined"]},"7815rhmcclellandG":{"name":"none","t1_status":"notStarted","t1_leftTrial":0,"t1_trialOrder":[[],[],[]],"t2_status":"notStarted","t2_leftTrial":0,"t2_trialOrder":[[],[],[]],"t3_status":"notStarted","t3_leftTrial":0,"t3_trialOrder":[[],[],[]],"completionDates":["undefined","undefined","undefined"]},"7815jsmitchelG":{"name":"none","t1_status":"notStarted","t1_leftTrial":0,"t1_trialOrder":[[],[],[]],"t2_status":"notStarted","t2_leftTrial":0,"t2_trialOrder":[[],[],[]],"t3_status":"notStarted","t3_leftTrial":0,"t3_trialOrder":[[],[],[]],"completionDates":["undefined","undefined","undefined"]},"7815tyjohnsonG":{"name":"none","t1_status":"notStarted","t1_leftTrial":0,"t1_trialOrder":[[],[],[]],"t2_status":"notStarted","t2_leftTrial":0,"t2_trialOrder":[[],[],[]],"t3_status":"notStarted","t3_leftTrial":0,"t3_trialOrder":[[],[],[]],"completionDates":["undefined","undefined","undefined"]},"7815jajamesG":{"name":"none","t1_status":"notStarted","t1_leftTrial":0,"t1_trialOrder":[[],[],[]],"t2_status":"notStarted","t2_leftTrial":0,"t2_trialOrder":[[],[],[]],"t3_status":"notStarted","t3_leftTrial":0,"t3_trialOrder":[[],[],[]],"completionDates":["undefined","undefined","undefined"]},"7815jamulberryE":{"name":"none","t1_status":"notStarted","t1_leftTrial":0,"t1_trialOrder":[[],[],[]],"t2_status":"notStarted","t2_leftTrial":0,"t2_trialOrder":[[],[],[]],"t3_status":"notStarted","t3_leftTrial":0,"t3_trialOrder":[[],[],[]],"completionDates":["undefined","undefined","undefined"]},"7815japerryF":{"name":"none","t1_status":"notStarted","t1_leftTrial":0,"t1_trialOrder":[[],[],[]],"t2_status":"notStarted","t2_leftTrial":0,"t2_trialOrder":[[],[],[]],"t3_status":"notStarted","t3_leftTrial":0,"t3_trialOrder":[[],[],[]],"completionDates":["undefined","undefined","undefined"]},"7815lastatenE":{"name":"none","t1_status":"notStarted","t1_leftTrial":0,"t1_trialOrder":[[],[],[]],"t2_status":"notStarted","t2_leftTrial":0,"t2_trialOrder":[[],[],[]],"t3_status":"notStarted","t3_leftTrial":0,"t3_trialOrder":[[],[],[]],"completionDates":["undefined","undefined","undefined"]},"7815jelindseyG":{"name":"none","t1_status":"notStarted","t1_leftTrial":0,"t1_trialOrder":[[],[],[]],"t2_status":"notStarted","t2_leftTrial":0,"t2_trialOrder":[[],[],[]],"t3_status":"notStarted","t3_leftTrial":0,"t3_trialOrder":[[],[],[]],"completionDates":["undefined","undefined","undefined"]},"7815adowensG":{"name":"none","t1_status":"notStarted","t1_leftTrial":0,"t1_trialOrder":[[],[],[]],"t2_status":"notStarted","t2_leftTrial":0,"t2_trialOrder":[[],[],[]],"t3_status":"notStarted","t3_leftTrial":0,"t3_trialOrder":[[],[],[]],"completionDates":["undefined","undefined","undefined"]},"7815kejamesG":{"name":"none","t1_status":"notStarted","t1_leftTrial":0,"t1_trialOrder":[[],[],[]],"t2_status":"notStarted","t2_leftTrial":0,"t2_trialOrder":[[],[],[]],"t3_status":"notStarted","t3_leftTrial":0,"t3_trialOrder":[[],[],[]],"completionDates":["undefined","undefined","undefined"]},"7815zahendersonG":{"name":"none","t1_status":"notStarted","t1_leftTrial":0,"t1_trialOrder":[[],[],[]],"t2_status":"notStarted","t2_leftTrial":0,"t2_trialOrder":[[],[],[]],"t3_status":"notStarted","t3_leftTrial":0,"t3_trialOrder":[[],[],[]],"completionDates":["undefined","undefined","undefined"]},"7815phflorenceG":{"name":"none","t1_status":"notStarted","t1_leftTrial":0,"t1_trialOrder":[[],[],[]],"t2_status":"notStarted","t2_leftTrial":0,"t2_trialOrder":[[],[],[]],"t3_status":"notStarted","t3_leftTrial":0,"t3_trialOrder":[[],[],[]],"completionDates":["undefined","undefined","undefined"]},"7815deroseD":{"name":"none","t1_status":"notStarted","t1_leftTrial":0,"t1_trialOrder":[[],[],[]],"t2_status":"notStarted","t2_leftTrial":0,"t2_trialOrder":[[],[],[]],"t3_status":"notStarted","t3_leftTrial":0,"t3_trialOrder":[[],[],[]],"completionDates":["undefined","undefined","undefined"]},"81116zovillanuevaD":{"name":"none","t1_status":"notStarted","t1_leftTrial":0,"t1_trialOrder":[[],[],[]],"t2_status":"notStarted","t2_leftTrial":0,"t2_trialOrder":[[],[],[]],"t3_status":"notStarted","t3_leftTrial":0,"t3_trialOrder":[[],[],[]],"completionDates":["undefined","undefined","undefined"]},"81116tomazzawiD":{"name":"none","t1_status":"notStarted","t1_leftTrial":0,"t1_trialOrder":[[],[],[]],"t2_status":"notStarted","t2_leftTrial":0,"t2_trialOrder":[[],[],[]],"t3_status":"notStarted","t3_leftTrial":0,"t3_trialOrder":[[],[],[]],"completionDates":["undefined","undefined","undefined"]},"81116shambardD":{"name":"none","t1_status":"notStarted","t1_leftTrial":0,"t1_trialOrder":[[],[],[]],"t2_status":"notStarted","t2_leftTrial":0,"t2_trialOrder":[[],[],[]],"t3_status":"notStarted","t3_leftTrial":0,"t3_trialOrder":[[],[],[]],"completionDates":["undefined","undefined","undefined"]},"81116tapayneD":{"name":"none","t1_status":"notStarted","t1_leftTrial":0,"t1_trialOrder":[[],[],[]],"t2_status":"notStarted","t2_leftTrial":0,"t2_trialOrder":[[],[],[]],"t3_status":"notStarted","t3_leftTrial":0,"t3_trialOrder":[[],[],[]],"completionDates":["undefined","undefined","undefined"]},"81116roblessiD":{"name":"none","t1_status":"notStarted","t1_leftTrial":0,"t1_trialOrder":[[],[],[]],"t2_status":"notStarted","t2_leftTrial":0,"t2_trialOrder":[[],[],[]],"t3_status":"notStarted","t3_leftTrial":0,"t3_trialOrder":[[],[],[]],"completionDates":["undefined","undefined","undefined"]},"81116raalvarezD":{"name":"none","t1_status":"notStarted","t1_leftTrial":0,"t1_trialOrder":[[],[],[]],"t2_status":"notStarted","t2_leftTrial":0,"t2_trialOrder":[[],[],[]],"t3_status":"notStarted","t3_leftTrial":0,"t3_trialOrder":[[],[],[]],"completionDates":["undefined","undefined","undefined"]},"81116naamusquivarD":{"name":"none","t1_status":"notStarted","t1_leftTrial":0,"t1_trialOrder":[[],[],[]],"t2_status":"notStarted","t2_leftTrial":0,"t2_trialOrder":[[],[],[]],"t3_status":"notStarted","t3_leftTrial":0,"t3_trialOrder":[[],[],[]],"completionDates":["undefined","undefined","undefined"]},"81116grjarquinD":{"name":"none","t1_status":"notStarted","t1_leftTrial":0,"t1_trialOrder":[[],[],[]],"t2_status":"notStarted","t2_leftTrial":0,"t2_trialOrder":[[],[],[]],"t3_status":"notStarted","t3_leftTrial":0,"t3_trialOrder":[[],[],[]],"completionDates":["undefined","undefined","undefined"]},"81116midelaosaD":{"name":"none","t1_status":"notStarted","t1_leftTrial":0,"t1_trialOrder":[[],[],[]],"t2_status":"notStarted","t2_leftTrial":0,"t2_trialOrder":[[],[],[]],"t3_status":"notStarted","t3_leftTrial":0,"t3_trialOrder":[[],[],[]],"completionDates":["undefined","undefined","undefined"]},"81116joabreudelgadoD":{"name":"none","t1_status":"notStarted","t1_leftTrial":0,"t1_trialOrder":[[],[],[]],"t2_status":"notStarted","t2_leftTrial":0,"t2_trialOrder":[[],[],[]],"t3_status":"notStarted","t3_leftTrial":0,"t3_trialOrder":[[],[],[]],"completionDates":["undefined","undefined","undefined"]},"81116altranD":{"name":"none","t1_status":"notStarted","t1_leftTrial":0,"t1_trialOrder":[[],[],[]],"t2_status":"notStarted","t2_leftTrial":0,"t2_trialOrder":[[],[],[]],"t3_status":"notStarted","t3_leftTrial":0,"t3_trialOrder":[[],[],[]],"completionDates":["undefined","undefined","undefined"]},"81116anriveraD":{"name":"none","t1_status":"notStarted","t1_leftTrial":0,"t1_trialOrder":[[],[],[]],"t2_status":"notStarted","t2_leftTrial":0,"t2_trialOrder":[[],[],[]],"t3_status":"notStarted","t3_leftTrial":0,"t3_trialOrder":[[],[],[]],"completionDates":["undefined","undefined","undefined"]},"81116gisantosD":{"name":"none","t1_status":"notStarted","t1_leftTrial":0,"t1_trialOrder":[[],[],[]],"t2_status":"notStarted","t2_leftTrial":0,"t2_trialOrder":[[],[],[]],"t3_status":"notStarted","t3_leftTrial":0,"t3_trialOrder":[[],[],[]],"completionDates":["undefined","undefined","undefined"]}}