{"7815huhelmerG":[{"sp1":{"setid":[],"wpm":[],"accuracy":[]},"sp2":{"setid":[],"wpm":[],"accuracy":[]},"sp3":{"setid":[],"wpm":[],"accuracy":[]}},{"sp1":{"setid":[],"wpm":[],"accuracy":[]},"sp2":{"setid":[],"wpm":[],"accuracy":[]},"sp3":{"setid":[],"wpm":[],"accuracy":[]}}],"7815olsweatG":[{"sp1":{"setid":[],"wpm":[],"accuracy":[]},"sp2":{"setid":[],"wpm":[],"accuracy":[]},"sp3":{"setid":[],"wpm":[],"accuracy":[]}},{"sp1":{"setid":[],"wpm":[],"accuracy":[]},"sp2":{"setid":[],"wpm":[],"accuracy":[]},"sp3":{"setid":[],"wpm":[],"accuracy":[]}}],"7815cablackwelderG":[{"sp1":{"setid":[],"wpm":[],"accuracy":[]},"sp2":{"setid":[],"wpm":[],"accuracy":[]},"sp3":{"setid":[],"wpm":[],"accuracy":[]}},{"sp1":{"setid":[],"wpm":[],"accuracy":[]},"sp2":{"setid":[],"wpm":[],"accuracy":[]},"sp3":{"setid":[],"wpm":[],"accuracy":[]}}],"7815ashilgersonG":[{"sp1":{"setid":[],"wpm":[],"accuracy":[]},"sp2":{"setid":[],"wpm":[],"accuracy":[]},"sp3":{"setid":[],"wpm":[],"accuracy":[]}},{"sp1":{"setid":[],"wpm":[],"accuracy":[]},"sp2":{"setid":[],"wpm":[],"accuracy":[]},"sp3":{"setid":[],"wpm":[],"accuracy":[]}}],"7815zareeseD":[{"sp1":{"setid":[],"wpm":[],"accuracy":[]},"sp2":{"setid":[],"wpm":[],"accuracy":[]},"sp3":{"setid":[],"wpm":[],"accuracy":[]}},{"sp1":{"setid":[],"wpm":[],"accuracy":[]},"sp2":{"setid":[],"wpm":[],"accuracy":[]},"sp3":{"setid":[],"wpm":[],"accuracy":[]}}],"7815caperryE":[{"sp1":{"setid":[],"wpm":[],"accuracy":[]},"sp2":{"setid":[],"wpm":[],"accuracy":[]},"sp3":{"setid":[],"wpm":[],"accuracy":[]}},{"sp1":{"setid":[],"wpm":[],"accuracy":[]},"sp2":{"setid":[],"wpm":[],"accuracy":[]},"sp3":{"setid":[],"wpm":[],"accuracy":[]}}],"7815sibellamyC":[{"sp1":{"setid":[],"wpm":[],"accuracy":[]},"sp2":{"setid":[],"wpm":[],"accuracy":[]},"sp3":{"setid":[],"wpm":[],"accuracy":[]}},{"sp1":{"setid":[],"wpm":[],"accuracy":[]},"sp2":{"setid":[],"wpm":[],"accuracy":[]},"sp3":{"setid":[],"wpm":[],"accuracy":[]}}],"7815mamillerG":[{"sp1":{"setid":[],"wpm":[],"accuracy":[]},"sp2":{"setid":[],"wpm":[],"accuracy":[]},"sp3":{"setid":[],"wpm":[],"accuracy":[]}},{"sp1":{"setid":[],"wpm":[],"accuracy":[]},"sp2":{"setid":[],"wpm":[],"accuracy":[]},"sp3":{"setid":[],"wpm":[],"accuracy":[]}}],"7815albryantG":[{"sp1":{"setid":[],"wpm":[],"accuracy":[]},"sp2":{"setid":[],"wpm":[],"accuracy":[]},"sp3":{"setid":[],"wpm":[],"accuracy":[]}},{"sp1":{"setid":[],"wpm":[],"accuracy":[]},"sp2":{"setid":[],"wpm":[],"accuracy":[]},"sp3":{"setid":[],"wpm":[],"accuracy":[]}}],"7815trjohnsonG":[{"sp1":{"setid":[],"wpm":[],"accuracy":[]},"sp2":{"setid":[],"wpm":[],"accuracy":[]},"sp3":{"setid":[],"wpm":[],"accuracy":[]}},{"sp1":{"setid":[],"wpm":[],"accuracy":[]},"sp2":{"setid":[],"wpm":[],"accuracy":[]},"sp3":{"setid":[],"wpm":[],"accuracy":[]}}],"7815rhmcclellandG":[{"sp1":{"setid":[],"wpm":[],"accuracy":[]},"sp2":{"setid":[],"wpm":[],"accuracy":[]},"sp3":{"setid":[],"wpm":[],"accuracy":[]}},{"sp1":{"setid":[],"wpm":[],"accuracy":[]},"sp2":{"setid":[],"wpm":[],"accuracy":[]},"sp3":{"setid":[],"wpm":[],"accuracy":[]}}],"7815jsmitchelG":[{"sp1":{"setid":[],"wpm":[],"accuracy":[]},"sp2":{"setid":[],"wpm":[],"accuracy":[]},"sp3":{"setid":[],"wpm":[],"accuracy":[]}},{"sp1":{"setid":[],"wpm":[],"accuracy":[]},"sp2":{"setid":[],"wpm":[],"accuracy":[]},"sp3":{"setid":[],"wpm":[],"accuracy":[]}}],"7815tyjohnsonG":[{"sp1":{"setid":[],"wpm":[],"accuracy":[]},"sp2":{"setid":[],"wpm":[],"accuracy":[]},"sp3":{"setid":[],"wpm":[],"accuracy":[]}},{"sp1":{"setid":[],"wpm":[],"accuracy":[]},"sp2":{"setid":[],"wpm":[],"accuracy":[]},"sp3":{"setid":[],"wpm":[],"accuracy":[]}}],"7815jajamesG":[{"sp1":{"setid":[],"wpm":[],"accuracy":[]},"sp2":{"setid":[],"wpm":[],"accuracy":[]},"sp3":{"setid":[],"wpm":[],"accuracy":[]}},{"sp1":{"setid":[],"wpm":[],"accuracy":[]},"sp2":{"setid":[],"wpm":[],"accuracy":[]},"sp3":{"setid":[],"wpm":[],"accuracy":[]}}],"7815jamulberryE":[{"sp1":{"setid":[],"wpm":[],"accuracy":[]},"sp2":{"setid":[],"wpm":[],"accuracy":[]},"sp3":{"setid":[],"wpm":[],"accuracy":[]}},{"sp1":{"setid":[],"wpm":[],"accuracy":[]},"sp2":{"setid":[],"wpm":[],"accuracy":[]},"sp3":{"setid":[],"wpm":[],"accuracy":[]}}],"7815japerryF":[{"sp1":{"setid":[],"wpm":[],"accuracy":[]},"sp2":{"setid":[],"wpm":[],"accuracy":[]},"sp3":{"setid":[],"wpm":[],"accuracy":[]}},{"sp1":{"setid":[],"wpm":[],"accuracy":[]},"sp2":{"setid":[],"wpm":[],"accuracy":[]},"sp3":{"setid":[],"wpm":[],"accuracy":[]}}],"7815lastatenE":[{"sp1":{"setid":[],"wpm":[],"accuracy":[]},"sp2":{"setid":[],"wpm":[],"accuracy":[]},"sp3":{"setid":[],"wpm":[],"accuracy":[]}},{"sp1":{"setid":[],"wpm":[],"accuracy":[]},"sp2":{"setid":[],"wpm":[],"accuracy":[]},"sp3":{"setid":[],"wpm":[],"accuracy":[]}}],"7815jelindseyG":[{"sp1":{"setid":[],"wpm":[],"accuracy":[]},"sp2":{"setid":[],"wpm":[],"accuracy":[]},"sp3":{"setid":[],"wpm":[],"accuracy":[]}},{"sp1":{"setid":[],"wpm":[],"accuracy":[]},"sp2":{"setid":[],"wpm":[],"accuracy":[]},"sp3":{"setid":[],"wpm":[],"accuracy":[]}}],"7815adowensG":[{"sp1":{"setid":[],"wpm":[],"accuracy":[]},"sp2":{"setid":[],"wpm":[],"accuracy":[]},"sp3":{"setid":[],"wpm":[],"accuracy":[]}},{"sp1":{"setid":[],"wpm":[],"accuracy":[]},"sp2":{"setid":[],"wpm":[],"accuracy":[]},"sp3":{"setid":[],"wpm":[],"accuracy":[]}}],"7815kejamesG":[{"sp1":{"setid":[],"wpm":[],"accuracy":[]},"sp2":{"setid":[],"wpm":[],"accuracy":[]},"sp3":{"setid":[],"wpm":[],"accuracy":[]}},{"sp1":{"setid":[],"wpm":[],"accuracy":[]},"sp2":{"setid":[],"wpm":[],"accuracy":[]},"sp3":{"setid":[],"wpm":[],"accuracy":[]}}],"7815zahendersonG":[{"sp1":{"setid":[],"wpm":[],"accuracy":[]},"sp2":{"setid":[],"wpm":[],"accuracy":[]},"sp3":{"setid":[],"wpm":[],"accuracy":[]}},{"sp1":{"setid":[],"wpm":[],"accuracy":[]},"sp2":{"setid":[],"wpm":[],"accuracy":[]},"sp3":{"setid":[],"wpm":[],"accuracy":[]}}],"7815phflorenceG":[{"sp1":{"setid":[],"wpm":[],"accuracy":[]},"sp2":{"setid":[],"wpm":[],"accuracy":[]},"sp3":{"setid":[],"wpm":[],"accuracy":[]}},{"sp1":{"setid":[],"wpm":[],"accuracy":[]},"sp2":{"setid":[],"wpm":[],"accuracy":[]},"sp3":{"setid":[],"wpm":[],"accuracy":[]}}],"7815deroseD":[{"sp1":{"setid":[],"wpm":[],"accuracy":[]},"sp2":{"setid":[],"wpm":[],"accuracy":[]},"sp3":{"setid":[],"wpm":[],"accuracy":[]}},{"sp1":{"setid":[],"wpm":[],"accuracy":[]},"sp2":{"setid":[],"wpm":[],"accuracy":[]},"sp3":{"setid":[],"wpm":[],"accuracy":[]}}],"81116zovillanuevaD":[{"sp1":{"setid":[],"wpm":[],"accuracy":[]},"sp2":{"setid":[],"wpm":[],"accuracy":[]},"sp3":{"setid":[],"wpm":[],"accuracy":[]}},{"sp1":{"setid":[],"wpm":[],"accuracy":[]},"sp2":{"setid":[],"wpm":[],"accuracy":[]},"sp3":{"setid":[],"wpm":[],"accuracy":[]}}],"81116tomazzawiD":[{"sp1":{"setid":[],"wpm":[],"accuracy":[]},"sp2":{"setid":[],"wpm":[],"accuracy":[]},"sp3":{"setid":[],"wpm":[],"accuracy":[]}},{"sp1":{"setid":[],"wpm":[],"accuracy":[]},"sp2":{"setid":[],"wpm":[],"accuracy":[]},"sp3":{"setid":[],"wpm":[],"accuracy":[]}}],"81116shambardD":[{"sp1":{"setid":[],"wpm":[],"accuracy":[]},"sp2":{"setid":[],"wpm":[],"accuracy":[]},"sp3":{"setid":[],"wpm":[],"accuracy":[]}},{"sp1":{"setid":[],"wpm":[],"accuracy":[]},"sp2":{"setid":[],"wpm":[],"accuracy":[]},"sp3":{"setid":[],"wpm":[],"accuracy":[]}}],"81116tapayneD":[{"sp1":{"setid":[],"wpm":[],"accuracy":[]},"sp2":{"setid":[],"wpm":[],"accuracy":[]},"sp3":{"setid":[],"wpm":[],"accuracy":[]}},{"sp1":{"setid":[],"wpm":[],"accuracy":[]},"sp2":{"setid":[],"wpm":[],"accuracy":[]},"sp3":{"setid":[],"wpm":[],"accuracy":[]}}],"81116roblessiD":[{"sp1":{"setid":[],"wpm":[],"accuracy":[]},"sp2":{"setid":[],"wpm":[],"accuracy":[]},"sp3":{"setid":[],"wpm":[],"accuracy":[]}},{"sp1":{"setid":[],"wpm":[],"accuracy":[]},"sp2":{"setid":[],"wpm":[],"accuracy":[]},"sp3":{"setid":[],"wpm":[],"accuracy":[]}}],"81116raalvarezD":[{"sp1":{"setid":[],"wpm":[],"accuracy":[]},"sp2":{"setid":[],"wpm":[],"accuracy":[]},"sp3":{"setid":[],"wpm":[],"accuracy":[]}},{"sp1":{"setid":[],"wpm":[],"accuracy":[]},"sp2":{"setid":[],"wpm":[],"accuracy":[]},"sp3":{"setid":[],"wpm":[],"accuracy":[]}}],"81116naamusquivarD":[{"sp1":{"setid":[],"wpm":[],"accuracy":[]},"sp2":{"setid":[],"wpm":[],"accuracy":[]},"sp3":{"setid":[],"wpm":[],"accuracy":[]}},{"sp1":{"setid":[],"wpm":[],"accuracy":[]},"sp2":{"setid":[],"wpm":[],"accuracy":[]},"sp3":{"setid":[],"wpm":[],"accuracy":[]}}],"81116grjarquinD":[{"sp1":{"setid":[],"wpm":[],"accuracy":[]},"sp2":{"setid":[],"wpm":[],"accuracy":[]},"sp3":{"setid":[],"wpm":[],"accuracy":[]}},{"sp1":{"setid":[],"wpm":[],"accuracy":[]},"sp2":{"setid":[],"wpm":[],"accuracy":[]},"sp3":{"setid":[],"wpm":[],"accuracy":[]}}],"81116midelaosaD":[{"sp1":{"setid":[],"wpm":[],"accuracy":[]},"sp2":{"setid":[],"wpm":[],"accuracy":[]},"sp3":{"setid":[],"wpm":[],"accuracy":[]}},{"sp1":{"setid":[],"wpm":[],"accuracy":[]},"sp2":{"setid":[],"wpm":[],"accuracy":[]},"sp3":{"setid":[],"wpm":[],"accuracy":[]}}],"81116joabreudelgadoD":[{"sp1":{"setid":[],"wpm":[],"accuracy":[]},"sp2":{"setid":[],"wpm":[],"accuracy":[]},"sp3":{"setid":[],"wpm":[],"accuracy":[]}},{"sp1":{"setid":[],"wpm":[],"accuracy":[]},"sp2":{"setid":[],"wpm":[],"accuracy":[]},"sp3":{"setid":[],"wpm":[],"accuracy":[]}}],"81116altranD":[{"sp1":{"setid":[],"wpm":[],"accuracy":[]},"sp2":{"setid":[],"wpm":[],"accuracy":[]},"sp3":{"setid":[],"wpm":[],"accuracy":[]}},{"sp1":{"setid":[],"wpm":[],"accuracy":[]},"sp2":{"setid":[],"wpm":[],"accuracy":[]},"sp3":{"setid":[],"wpm":[],"accuracy":[]}}],"81116anriveraD":[{"sp1":{"setid":[],"wpm":[],"accuracy":[]},"sp2":{"setid":[],"wpm":[],"accuracy":[]},"sp3":{"setid":[],"wpm":[],"accuracy":[]}},{"sp1":{"setid":[],"wpm":[],"accuracy":[]},"sp2":{"setid":[],"wpm":[],"accuracy":[]},"sp3":{"setid":[],"wpm":[],"accuracy":[]}}],"81116gisantosD":[{"sp1":{"setid":[],"wpm":[],"accuracy":[]},"sp2":{"setid":[],"wpm":[],"accuracy":[]},"sp3":{"setid":[],"wpm":[],"accuracy":[]}},{"sp1":{"setid":[],"wpm":[],"accuracy":[]},"sp2":{"setid":[],"wpm":[],"accuracy":[]},"sp3":{"setid":[],"wpm":[],"accuracy":[]}}]}