{"7815huhelmerG":{"teacherID":7815,"districtID":7,"counterbalance_group":[1,1,0]},"7815olsweatG":{"teacherID":7815,"districtID":7,"counterbalance_group":[1,1,1]},"7815cablackwelderG":{"teacherID":7815,"districtID":7,"counterbalance_group":[1,2,0]},"7815ashilgersonG":{"teacherID":7815,"districtID":7,"counterbalance_group":[1,2,1]},"7815zareeseD":{"teacherID":7815,"districtID":7,"counterbalance_group":[1,3,0]},"7815caperryE":{"teacherID":7815,"districtID":7,"counterbalance_group":[1,3,1]},"7815sibellamyC":{"teacherID":7815,"districtID":7,"counterbalance_group":[1,4,0]},"7815mamillerG":{"teacherID":7815,"districtID":7,"counterbalance_group":[1,4,1]},"7815albryantG":{"teacherID":7815,"districtID":7,"counterbalance_group":[1,5,0]},"7815trjohnsonG":{"teacherID":7815,"districtID":7,"counterbalance_group":[1,5,1]},"7815rhmcclellandG":{"teacherID":7815,"districtID":7,"counterbalance_group":[2,0,0]},"7815jsmitchelG":{"teacherID":7815,"districtID":7,"counterbalance_group":[2,0,1]},"7815tyjohnsonG":{"teacherID":7815,"districtID":7,"counterbalance_group":[2,1,0]},"7815jajamesG":{"teacherID":7815,"districtID":7,"counterbalance_group":[2,1,1]},"7815jamulberryE":{"teacherID":7815,"districtID":7,"counterbalance_group":[2,2,0]},"7815japerryF":{"teacherID":7815,"districtID":7,"counterbalance_group":[2,2,1]},"7815lastatenE":{"teacherID":7815,"districtID":7,"counterbalance_group":[2,3,0]},"7815jelindseyG":{"teacherID":7815,"districtID":7,"counterbalance_group":[2,3,1]},"7815adowensG":{"teacherID":7815,"districtID":7,"counterbalance_group":[2,4,0]},"7815kejamesG":{"teacherID":7815,"districtID":7,"counterbalance_group":[2,4,1]},"7815zahendersonG":{"teacherID":7815,"districtID":7,"counterbalance_group":[2,5,0]},"7815phflorenceG":{"teacherID":7815,"districtID":7,"counterbalance_group":[2,5,1]},"7815deroseD":{"teacherID":7815,"districtID":7,"counterbalance_group":[3,0,0]},"81116zovillanuevaD":{"teacherID":81116,"districtID":8,"counterbalance_group":[3,0,1]},"81116tomazzawiD":{"teacherID":81116,"districtID":8,"counterbalance_group":[3,1,0]},"81116shambardD":{"teacherID":81116,"districtID":8,"counterbalance_group":[3,1,1]},"81116tapayneD":{"teacherID":81116,"districtID":8,"counterbalance_group":[3,2,0]},"81116roblessiD":{"teacherID":81116,"districtID":8,"counterbalance_group":[3,2,1]},"81116raalvarezD":{"teacherID":81116,"districtID":8,"counterbalance_group":[3,3,0]},"81116naamusquivarD":{"teacherID":81116,"districtID":8,"counterbalance_group":[3,3,1]},"81116grjarquinD":{"teacherID":81116,"districtID":8,"counterbalance_group":[3,4,0]},"81116midelaosaD":{"teacherID":81116,"districtID":8,"counterbalance_group":[3,4,1]},"81116joabreudelgadoD":{"teacherID":81116,"districtID":8,"counterbalance_group":[3,5,0]},"81116altranD":{"teacherID":81116,"districtID":8,"counterbalance_group":[3,5,1]},"81116anriveraD":{"teacherID":81116,"districtID":8,"counterbalance_group":[4,0,0]},"81116gisantosD":{"teacherID":81116,"districtID":8,"counterbalance_group":[4,0,1]}}