{"7815huhelmerG":[0,0,0],"7815olsweatG":[0,0,0],"7815cablackwelderG":[0,0,0],"7815ashilgersonG":[0,0,0],"7815zareeseD":[0,0,0],"7815caperryE":[0,0,0],"7815sibellamyC":[0,0,0],"7815mamillerG":[0,0,0],"7815albryantG":[0,0,0],"7815trjohnsonG":[0,0,0],"7815rhmcclellandG":[0,0,0],"7815jsmitchelG":[0,0,0],"7815tyjohnsonG":[0,0,0],"7815jajamesG":[0,0,0],"7815jamulberryE":[0,0,0],"7815japerryF":[0,0,0],"7815lastatenE":[0,0,0],"7815jelindseyG":[0,0,0],"7815adowensG":[0,0,0],"7815kejamesG":[0,0,0],"7815zahendersonG":[0,0,0],"7815phflorenceG":[0,0,0],"7815deroseD":[0,0,0],"81116zovillanuevaD":[0,0,0],"81116tomazzawiD":[0,0,0],"81116shambardD":[0,0,0],"81116tapayneD":[0,0,0],"81116roblessiD":[0,0,0],"81116raalvarezD":[0,0,0],"81116naamusquivarD":[0,0,0],"81116grjarquinD":[0,0,0],"81116midelaosaD":[0,0,0],"81116joabreudelgadoD":[0,0,0],"81116altranD":[0,0,0],"81116anriveraD":[0,0,0],"81116gisantosD":[0,0,0]}