{"3024gyamishra":[0,0,0],"3024yaashah":[0,0,0],"3024yuvmehta":[0,0,0],"3024samgupta":[0,0,0],"3024savkapoor":[0,0,0],"3024agamaheshwari":[0,0,0],"3024kaiviral":[0,0,0],"3024peoshah":[0,0,0],"3024prigore":[0,0,0],"3023saisachdev":[0,0,0],"3024rutphilip":[0,0,0],"3024hripatel":[0,0,0],"3024ragrajesh":[0,0,0],"3023ansmhatre":[0,0,0],"3023aarsorathiya":[0,0,0],"3023elisingh":[0,0,0],"3023raddudhankar":[0,0,0],"3024kartrilok":[0,0,0],"3024vedaggarwal":[0,0,0],"3024aradoshi":[0,0,0],"3024mohmulla":[0,0,0],"3024shrkapoor":[0,0,0],"3024agashankar":[0,0,0],"3024divpatel":[0,0,0],"3024neimedak":[0,0,0],"3023anvchaturvedi":[0,0,0],"3023devsomeshwar":[0,0,0],"3023aarjha":[0,0,0],"3023anadoshi":[0,0,0],"3023kimsalitri":[0,0,0],"3023dhysachde":[0,0,0],"3023shihemant":[0,0,0],"3024saagupta":[0,0,0],"3024yeesanghvi":[0,0,0],"3024malchavan":[0,0,0],"3024athaggarwal":[0,0,0],"3024zeetrivedi":[0,0,0],"3024jihjiju":[0,0,0],"3024hanjoseph":[0,0,0],"3023jiashah":[0,0,0],"3023lastallamraju":[0,0,0],"3023aasthakker":[0,0,0],"3023diyshah":[0,0,0],"3023jiaparekh":[0,0,0],"3023rajbhanushali":[0,0,0],"3023ridiyer":[0,0,0],"3024vedsharma":[0,0,0],"3024pravaidya":[0,0,0],"3024mansaigal":[0,0,0],"3024yousuvarna":[0,0,0],"3024jiajiju":[0,0,0],"3024shabhalwankar":[0,0,0],"3024alisahani":[0,0,0],"3024aarlimbasiya":[0,0,0],"3024ayashetty":[0,0,0],"3024ishsiddhu":[0,0,0],"3023tanchand":[0,0,0],"3023idhrishikesh":[0,0,0],"3023shanaraayanan":[0,0,0],"3023jaygala":[0,0,0],"3023diabhanushali":[0,0,0],"3023mahshah":[0,0,0]}