{"3024gyamishra":{"name":"none","t1_status":"notStarted","t1_leftTrial":0,"t1_trialOrder":[[],[],[]],"t2_status":"notStarted","t2_leftTrial":0,"t2_trialOrder":[[],[],[]],"t3_status":"notStarted","t3_leftTrial":0,"t3_trialOrder":[[],[],[]],"completionDates":["undefined","undefined","undefined"]},"3024yaashah":{"name":"none","t1_status":"notStarted","t1_leftTrial":0,"t1_trialOrder":[[],[],[]],"t2_status":"notStarted","t2_leftTrial":0,"t2_trialOrder":[[],[],[]],"t3_status":"notStarted","t3_leftTrial":0,"t3_trialOrder":[[],[],[]],"completionDates":["undefined","undefined","undefined"]},"3024yuvmehta":{"name":"none","t1_status":"notStarted","t1_leftTrial":0,"t1_trialOrder":[[],[],[]],"t2_status":"notStarted","t2_leftTrial":0,"t2_trialOrder":[[],[],[]],"t3_status":"notStarted","t3_leftTrial":0,"t3_trialOrder":[[],[],[]],"completionDates":["undefined","undefined","undefined"]},"3024samgupta":{"name":"none","t1_status":"notStarted","t1_leftTrial":0,"t1_trialOrder":[[],[],[]],"t2_status":"notStarted","t2_leftTrial":0,"t2_trialOrder":[[],[],[]],"t3_status":"notStarted","t3_leftTrial":0,"t3_trialOrder":[[],[],[]],"completionDates":["undefined","undefined","undefined"]},"3024savkapoor":{"name":"none","t1_status":"notStarted","t1_leftTrial":0,"t1_trialOrder":[[],[],[]],"t2_status":"notStarted","t2_leftTrial":0,"t2_trialOrder":[[],[],[]],"t3_status":"notStarted","t3_leftTrial":0,"t3_trialOrder":[[],[],[]],"completionDates":["undefined","undefined","undefined"]},"3024agamaheshwari":{"name":"none","t1_status":"notStarted","t1_leftTrial":0,"t1_trialOrder":[[],[],[]],"t2_status":"notStarted","t2_leftTrial":0,"t2_trialOrder":[[],[],[]],"t3_status":"notStarted","t3_leftTrial":0,"t3_trialOrder":[[],[],[]],"completionDates":["undefined","undefined","undefined"]},"3024kaiviral":{"name":"none","t1_status":"notStarted","t1_leftTrial":0,"t1_trialOrder":[[],[],[]],"t2_status":"notStarted","t2_leftTrial":0,"t2_trialOrder":[[],[],[]],"t3_status":"notStarted","t3_leftTrial":0,"t3_trialOrder":[[],[],[]],"completionDates":["undefined","undefined","undefined"]},"3024peoshah":{"name":"none","t1_status":"notStarted","t1_leftTrial":0,"t1_trialOrder":[[],[],[]],"t2_status":"notStarted","t2_leftTrial":0,"t2_trialOrder":[[],[],[]],"t3_status":"notStarted","t3_leftTrial":0,"t3_trialOrder":[[],[],[]],"completionDates":["undefined","undefined","undefined"]},"3024prigore":{"name":"none","t1_status":"notStarted","t1_leftTrial":0,"t1_trialOrder":[[],[],[]],"t2_status":"notStarted","t2_leftTrial":0,"t2_trialOrder":[[],[],[]],"t3_status":"notStarted","t3_leftTrial":0,"t3_trialOrder":[[],[],[]],"completionDates":["undefined","undefined","undefined"]},"3023saisachdev":{"name":"none","t1_status":"notStarted","t1_leftTrial":0,"t1_trialOrder":[[],[],[]],"t2_status":"notStarted","t2_leftTrial":0,"t2_trialOrder":[[],[],[]],"t3_status":"notStarted","t3_leftTrial":0,"t3_trialOrder":[[],[],[]],"completionDates":["undefined","undefined","undefined"]},"3024rutphilip":{"name":"none","t1_status":"notStarted","t1_leftTrial":0,"t1_trialOrder":[[],[],[]],"t2_status":"notStarted","t2_leftTrial":0,"t2_trialOrder":[[],[],[]],"t3_status":"notStarted","t3_leftTrial":0,"t3_trialOrder":[[],[],[]],"completionDates":["undefined","undefined","undefined"]},"3024hripatel":{"name":"none","t1_status":"notStarted","t1_leftTrial":0,"t1_trialOrder":[[],[],[]],"t2_status":"notStarted","t2_leftTrial":0,"t2_trialOrder":[[],[],[]],"t3_status":"notStarted","t3_leftTrial":0,"t3_trialOrder":[[],[],[]],"completionDates":["undefined","undefined","undefined"]},"3024ragrajesh":{"name":"none","t1_status":"notStarted","t1_leftTrial":0,"t1_trialOrder":[[],[],[]],"t2_status":"notStarted","t2_leftTrial":0,"t2_trialOrder":[[],[],[]],"t3_status":"notStarted","t3_leftTrial":0,"t3_trialOrder":[[],[],[]],"completionDates":["undefined","undefined","undefined"]},"3023ansmhatre":{"name":"none","t1_status":"notStarted","t1_leftTrial":0,"t1_trialOrder":[[],[],[]],"t2_status":"notStarted","t2_leftTrial":0,"t2_trialOrder":[[],[],[]],"t3_status":"notStarted","t3_leftTrial":0,"t3_trialOrder":[[],[],[]],"completionDates":["undefined","undefined","undefined"]},"3023aarsorathiya":{"name":"none","t1_status":"notStarted","t1_leftTrial":0,"t1_trialOrder":[[],[],[]],"t2_status":"notStarted","t2_leftTrial":0,"t2_trialOrder":[[],[],[]],"t3_status":"notStarted","t3_leftTrial":0,"t3_trialOrder":[[],[],[]],"completionDates":["undefined","undefined","undefined"]},"3023elisingh":{"name":"none","t1_status":"notStarted","t1_leftTrial":0,"t1_trialOrder":[[],[],[]],"t2_status":"notStarted","t2_leftTrial":0,"t2_trialOrder":[[],[],[]],"t3_status":"notStarted","t3_leftTrial":0,"t3_trialOrder":[[],[],[]],"completionDates":["undefined","undefined","undefined"]},"3023raddudhankar":{"name":"none","t1_status":"notStarted","t1_leftTrial":0,"t1_trialOrder":[[],[],[]],"t2_status":"notStarted","t2_leftTrial":0,"t2_trialOrder":[[],[],[]],"t3_status":"notStarted","t3_leftTrial":0,"t3_trialOrder":[[],[],[]],"completionDates":["undefined","undefined","undefined"]},"3024kartrilok":{"name":"none","t1_status":"notStarted","t1_leftTrial":0,"t1_trialOrder":[[],[],[]],"t2_status":"notStarted","t2_leftTrial":0,"t2_trialOrder":[[],[],[]],"t3_status":"notStarted","t3_leftTrial":0,"t3_trialOrder":[[],[],[]],"completionDates":["undefined","undefined","undefined"]},"3024vedaggarwal":{"name":"none","t1_status":"notStarted","t1_leftTrial":0,"t1_trialOrder":[[],[],[]],"t2_status":"notStarted","t2_leftTrial":0,"t2_trialOrder":[[],[],[]],"t3_status":"notStarted","t3_leftTrial":0,"t3_trialOrder":[[],[],[]],"completionDates":["undefined","undefined","undefined"]},"3024aradoshi":{"name":"none","t1_status":"notStarted","t1_leftTrial":0,"t1_trialOrder":[[],[],[]],"t2_status":"notStarted","t2_leftTrial":0,"t2_trialOrder":[[],[],[]],"t3_status":"notStarted","t3_leftTrial":0,"t3_trialOrder":[[],[],[]],"completionDates":["undefined","undefined","undefined"]},"3024mohmulla":{"name":"none","t1_status":"notStarted","t1_leftTrial":0,"t1_trialOrder":[[],[],[]],"t2_status":"notStarted","t2_leftTrial":0,"t2_trialOrder":[[],[],[]],"t3_status":"notStarted","t3_leftTrial":0,"t3_trialOrder":[[],[],[]],"completionDates":["undefined","undefined","undefined"]},"3024shrkapoor":{"name":"none","t1_status":"notStarted","t1_leftTrial":0,"t1_trialOrder":[[],[],[]],"t2_status":"notStarted","t2_leftTrial":0,"t2_trialOrder":[[],[],[]],"t3_status":"notStarted","t3_leftTrial":0,"t3_trialOrder":[[],[],[]],"completionDates":["undefined","undefined","undefined"]},"3024agashankar":{"name":"none","t1_status":"notStarted","t1_leftTrial":0,"t1_trialOrder":[[],[],[]],"t2_status":"notStarted","t2_leftTrial":0,"t2_trialOrder":[[],[],[]],"t3_status":"notStarted","t3_leftTrial":0,"t3_trialOrder":[[],[],[]],"completionDates":["undefined","undefined","undefined"]},"3024divpatel":{"name":"none","t1_status":"notStarted","t1_leftTrial":0,"t1_trialOrder":[[],[],[]],"t2_status":"notStarted","t2_leftTrial":0,"t2_trialOrder":[[],[],[]],"t3_status":"notStarted","t3_leftTrial":0,"t3_trialOrder":[[],[],[]],"completionDates":["undefined","undefined","undefined"]},"3024neimedak":{"name":"none","t1_status":"notStarted","t1_leftTrial":0,"t1_trialOrder":[[],[],[]],"t2_status":"notStarted","t2_leftTrial":0,"t2_trialOrder":[[],[],[]],"t3_status":"notStarted","t3_leftTrial":0,"t3_trialOrder":[[],[],[]],"completionDates":["undefined","undefined","undefined"]},"3023anvchaturvedi":{"name":"none","t1_status":"notStarted","t1_leftTrial":0,"t1_trialOrder":[[],[],[]],"t2_status":"notStarted","t2_leftTrial":0,"t2_trialOrder":[[],[],[]],"t3_status":"notStarted","t3_leftTrial":0,"t3_trialOrder":[[],[],[]],"completionDates":["undefined","undefined","undefined"]},"3023devsomeshwar":{"name":"none","t1_status":"notStarted","t1_leftTrial":0,"t1_trialOrder":[[],[],[]],"t2_status":"notStarted","t2_leftTrial":0,"t2_trialOrder":[[],[],[]],"t3_status":"notStarted","t3_leftTrial":0,"t3_trialOrder":[[],[],[]],"completionDates":["undefined","undefined","undefined"]},"3023aarjha":{"name":"none","t1_status":"notStarted","t1_leftTrial":0,"t1_trialOrder":[[],[],[]],"t2_status":"notStarted","t2_leftTrial":0,"t2_trialOrder":[[],[],[]],"t3_status":"notStarted","t3_leftTrial":0,"t3_trialOrder":[[],[],[]],"completionDates":["undefined","undefined","undefined"]},"3023anadoshi":{"name":"none","t1_status":"notStarted","t1_leftTrial":0,"t1_trialOrder":[[],[],[]],"t2_status":"notStarted","t2_leftTrial":0,"t2_trialOrder":[[],[],[]],"t3_status":"notStarted","t3_leftTrial":0,"t3_trialOrder":[[],[],[]],"completionDates":["undefined","undefined","undefined"]},"3023kimsalitri":{"name":"none","t1_status":"notStarted","t1_leftTrial":0,"t1_trialOrder":[[],[],[]],"t2_status":"notStarted","t2_leftTrial":0,"t2_trialOrder":[[],[],[]],"t3_status":"notStarted","t3_leftTrial":0,"t3_trialOrder":[[],[],[]],"completionDates":["undefined","undefined","undefined"]},"3023dhysachde":{"name":"none","t1_status":"notStarted","t1_leftTrial":0,"t1_trialOrder":[[],[],[]],"t2_status":"notStarted","t2_leftTrial":0,"t2_trialOrder":[[],[],[]],"t3_status":"notStarted","t3_leftTrial":0,"t3_trialOrder":[[],[],[]],"completionDates":["undefined","undefined","undefined"]},"3023shihemant":{"name":"none","t1_status":"notStarted","t1_leftTrial":0,"t1_trialOrder":[[],[],[]],"t2_status":"notStarted","t2_leftTrial":0,"t2_trialOrder":[[],[],[]],"t3_status":"notStarted","t3_leftTrial":0,"t3_trialOrder":[[],[],[]],"completionDates":["undefined","undefined","undefined"]},"3024saagupta":{"name":"none","t1_status":"notStarted","t1_leftTrial":0,"t1_trialOrder":[[],[],[]],"t2_status":"notStarted","t2_leftTrial":0,"t2_trialOrder":[[],[],[]],"t3_status":"notStarted","t3_leftTrial":0,"t3_trialOrder":[[],[],[]],"completionDates":["undefined","undefined","undefined"]},"3024yeesanghvi":{"name":"none","t1_status":"notStarted","t1_leftTrial":0,"t1_trialOrder":[[],[],[]],"t2_status":"notStarted","t2_leftTrial":0,"t2_trialOrder":[[],[],[]],"t3_status":"notStarted","t3_leftTrial":0,"t3_trialOrder":[[],[],[]],"completionDates":["undefined","undefined","undefined"]},"3024malchavan":{"name":"none","t1_status":"notStarted","t1_leftTrial":0,"t1_trialOrder":[[],[],[]],"t2_status":"notStarted","t2_leftTrial":0,"t2_trialOrder":[[],[],[]],"t3_status":"notStarted","t3_leftTrial":0,"t3_trialOrder":[[],[],[]],"completionDates":["undefined","undefined","undefined"]},"3024athaggarwal":{"name":"none","t1_status":"notStarted","t1_leftTrial":0,"t1_trialOrder":[[],[],[]],"t2_status":"notStarted","t2_leftTrial":0,"t2_trialOrder":[[],[],[]],"t3_status":"notStarted","t3_leftTrial":0,"t3_trialOrder":[[],[],[]],"completionDates":["undefined","undefined","undefined"]},"3024zeetrivedi":{"name":"none","t1_status":"notStarted","t1_leftTrial":0,"t1_trialOrder":[[],[],[]],"t2_status":"notStarted","t2_leftTrial":0,"t2_trialOrder":[[],[],[]],"t3_status":"notStarted","t3_leftTrial":0,"t3_trialOrder":[[],[],[]],"completionDates":["undefined","undefined","undefined"]},"3024jihjiju":{"name":"none","t1_status":"notStarted","t1_leftTrial":0,"t1_trialOrder":[[],[],[]],"t2_status":"notStarted","t2_leftTrial":0,"t2_trialOrder":[[],[],[]],"t3_status":"notStarted","t3_leftTrial":0,"t3_trialOrder":[[],[],[]],"completionDates":["undefined","undefined","undefined"]},"3024hanjoseph":{"name":"none","t1_status":"notStarted","t1_leftTrial":0,"t1_trialOrder":[[],[],[]],"t2_status":"notStarted","t2_leftTrial":0,"t2_trialOrder":[[],[],[]],"t3_status":"notStarted","t3_leftTrial":0,"t3_trialOrder":[[],[],[]],"completionDates":["undefined","undefined","undefined"]},"3023jiashah":{"name":"none","t1_status":"notStarted","t1_leftTrial":0,"t1_trialOrder":[[],[],[]],"t2_status":"notStarted","t2_leftTrial":0,"t2_trialOrder":[[],[],[]],"t3_status":"notStarted","t3_leftTrial":0,"t3_trialOrder":[[],[],[]],"completionDates":["undefined","undefined","undefined"]},"3023lastallamraju":{"name":"none","t1_status":"notStarted","t1_leftTrial":0,"t1_trialOrder":[[],[],[]],"t2_status":"notStarted","t2_leftTrial":0,"t2_trialOrder":[[],[],[]],"t3_status":"notStarted","t3_leftTrial":0,"t3_trialOrder":[[],[],[]],"completionDates":["undefined","undefined","undefined"]},"3023aasthakker":{"name":"none","t1_status":"notStarted","t1_leftTrial":0,"t1_trialOrder":[[],[],[]],"t2_status":"notStarted","t2_leftTrial":0,"t2_trialOrder":[[],[],[]],"t3_status":"notStarted","t3_leftTrial":0,"t3_trialOrder":[[],[],[]],"completionDates":["undefined","undefined","undefined"]},"3023diyshah":{"name":"none","t1_status":"notStarted","t1_leftTrial":0,"t1_trialOrder":[[],[],[]],"t2_status":"notStarted","t2_leftTrial":0,"t2_trialOrder":[[],[],[]],"t3_status":"notStarted","t3_leftTrial":0,"t3_trialOrder":[[],[],[]],"completionDates":["undefined","undefined","undefined"]},"3023jiaparekh":{"name":"none","t1_status":"notStarted","t1_leftTrial":0,"t1_trialOrder":[[],[],[]],"t2_status":"notStarted","t2_leftTrial":0,"t2_trialOrder":[[],[],[]],"t3_status":"notStarted","t3_leftTrial":0,"t3_trialOrder":[[],[],[]],"completionDates":["undefined","undefined","undefined"]},"3023rajbhanushali":{"name":"none","t1_status":"notStarted","t1_leftTrial":0,"t1_trialOrder":[[],[],[]],"t2_status":"notStarted","t2_leftTrial":0,"t2_trialOrder":[[],[],[]],"t3_status":"notStarted","t3_leftTrial":0,"t3_trialOrder":[[],[],[]],"completionDates":["undefined","undefined","undefined"]},"3023ridiyer":{"name":"none","t1_status":"notStarted","t1_leftTrial":0,"t1_trialOrder":[[],[],[]],"t2_status":"notStarted","t2_leftTrial":0,"t2_trialOrder":[[],[],[]],"t3_status":"notStarted","t3_leftTrial":0,"t3_trialOrder":[[],[],[]],"completionDates":["undefined","undefined","undefined"]},"3024vedsharma":{"name":"none","t1_status":"notStarted","t1_leftTrial":0,"t1_trialOrder":[[],[],[]],"t2_status":"notStarted","t2_leftTrial":0,"t2_trialOrder":[[],[],[]],"t3_status":"notStarted","t3_leftTrial":0,"t3_trialOrder":[[],[],[]],"completionDates":["undefined","undefined","undefined"]},"3024pravaidya":{"name":"none","t1_status":"notStarted","t1_leftTrial":0,"t1_trialOrder":[[],[],[]],"t2_status":"notStarted","t2_leftTrial":0,"t2_trialOrder":[[],[],[]],"t3_status":"notStarted","t3_leftTrial":0,"t3_trialOrder":[[],[],[]],"completionDates":["undefined","undefined","undefined"]},"3024mansaigal":{"name":"none","t1_status":"notStarted","t1_leftTrial":0,"t1_trialOrder":[[],[],[]],"t2_status":"notStarted","t2_leftTrial":0,"t2_trialOrder":[[],[],[]],"t3_status":"notStarted","t3_leftTrial":0,"t3_trialOrder":[[],[],[]],"completionDates":["undefined","undefined","undefined"]},"3024yousuvarna":{"name":"none","t1_status":"notStarted","t1_leftTrial":0,"t1_trialOrder":[[],[],[]],"t2_status":"notStarted","t2_leftTrial":0,"t2_trialOrder":[[],[],[]],"t3_status":"notStarted","t3_leftTrial":0,"t3_trialOrder":[[],[],[]],"completionDates":["undefined","undefined","undefined"]},"3024jiajiju":{"name":"none","t1_status":"notStarted","t1_leftTrial":0,"t1_trialOrder":[[],[],[]],"t2_status":"notStarted","t2_leftTrial":0,"t2_trialOrder":[[],[],[]],"t3_status":"notStarted","t3_leftTrial":0,"t3_trialOrder":[[],[],[]],"completionDates":["undefined","undefined","undefined"]},"3024shabhalwankar":{"name":"none","t1_status":"notStarted","t1_leftTrial":0,"t1_trialOrder":[[],[],[]],"t2_status":"notStarted","t2_leftTrial":0,"t2_trialOrder":[[],[],[]],"t3_status":"notStarted","t3_leftTrial":0,"t3_trialOrder":[[],[],[]],"completionDates":["undefined","undefined","undefined"]},"3024alisahani":{"name":"none","t1_status":"notStarted","t1_leftTrial":0,"t1_trialOrder":[[],[],[]],"t2_status":"notStarted","t2_leftTrial":0,"t2_trialOrder":[[],[],[]],"t3_status":"notStarted","t3_leftTrial":0,"t3_trialOrder":[[],[],[]],"completionDates":["undefined","undefined","undefined"]},"3024aarlimbasiya":{"name":"none","t1_status":"notStarted","t1_leftTrial":0,"t1_trialOrder":[[],[],[]],"t2_status":"notStarted","t2_leftTrial":0,"t2_trialOrder":[[],[],[]],"t3_status":"notStarted","t3_leftTrial":0,"t3_trialOrder":[[],[],[]],"completionDates":["undefined","undefined","undefined"]},"3024ayashetty":{"name":"none","t1_status":"notStarted","t1_leftTrial":0,"t1_trialOrder":[[],[],[]],"t2_status":"notStarted","t2_leftTrial":0,"t2_trialOrder":[[],[],[]],"t3_status":"notStarted","t3_leftTrial":0,"t3_trialOrder":[[],[],[]],"completionDates":["undefined","undefined","undefined"]},"3024ishsiddhu":{"name":"none","t1_status":"notStarted","t1_leftTrial":0,"t1_trialOrder":[[],[],[]],"t2_status":"notStarted","t2_leftTrial":0,"t2_trialOrder":[[],[],[]],"t3_status":"notStarted","t3_leftTrial":0,"t3_trialOrder":[[],[],[]],"completionDates":["undefined","undefined","undefined"]},"3023tanchand":{"name":"none","t1_status":"notStarted","t1_leftTrial":0,"t1_trialOrder":[[],[],[]],"t2_status":"notStarted","t2_leftTrial":0,"t2_trialOrder":[[],[],[]],"t3_status":"notStarted","t3_leftTrial":0,"t3_trialOrder":[[],[],[]],"completionDates":["undefined","undefined","undefined"]},"3023idhrishikesh":{"name":"none","t1_status":"notStarted","t1_leftTrial":0,"t1_trialOrder":[[],[],[]],"t2_status":"notStarted","t2_leftTrial":0,"t2_trialOrder":[[],[],[]],"t3_status":"notStarted","t3_leftTrial":0,"t3_trialOrder":[[],[],[]],"completionDates":["undefined","undefined","undefined"]},"3023shanaraayanan":{"name":"none","t1_status":"notStarted","t1_leftTrial":0,"t1_trialOrder":[[],[],[]],"t2_status":"notStarted","t2_leftTrial":0,"t2_trialOrder":[[],[],[]],"t3_status":"notStarted","t3_leftTrial":0,"t3_trialOrder":[[],[],[]],"completionDates":["undefined","undefined","undefined"]},"3023jaygala":{"name":"none","t1_status":"notStarted","t1_leftTrial":0,"t1_trialOrder":[[],[],[]],"t2_status":"notStarted","t2_leftTrial":0,"t2_trialOrder":[[],[],[]],"t3_status":"notStarted","t3_leftTrial":0,"t3_trialOrder":[[],[],[]],"completionDates":["undefined","undefined","undefined"]},"3023diabhanushali":{"name":"none","t1_status":"notStarted","t1_leftTrial":0,"t1_trialOrder":[[],[],[]],"t2_status":"notStarted","t2_leftTrial":0,"t2_trialOrder":[[],[],[]],"t3_status":"notStarted","t3_leftTrial":0,"t3_trialOrder":[[],[],[]],"completionDates":["undefined","undefined","undefined"]},"3023mahshah":{"name":"none","t1_status":"notStarted","t1_leftTrial":0,"t1_trialOrder":[[],[],[]],"t2_status":"notStarted","t2_leftTrial":0,"t2_trialOrder":[[],[],[]],"t3_status":"notStarted","t3_leftTrial":0,"t3_trialOrder":[[],[],[]],"completionDates":["undefined","undefined","undefined"]}}