{"3024gyamishra":[{"sp1":{"setid":[],"wpm":[],"accuracy":[]},"sp2":{"setid":[],"wpm":[],"accuracy":[]},"sp3":{"setid":[],"wpm":[],"accuracy":[]}},{"sp1":{"setid":[],"wpm":[],"accuracy":[]},"sp2":{"setid":[],"wpm":[],"accuracy":[]},"sp3":{"setid":[],"wpm":[],"accuracy":[]}}],"3024yaashah":[{"sp1":{"setid":[],"wpm":[],"accuracy":[]},"sp2":{"setid":[],"wpm":[],"accuracy":[]},"sp3":{"setid":[],"wpm":[],"accuracy":[]}},{"sp1":{"setid":[],"wpm":[],"accuracy":[]},"sp2":{"setid":[],"wpm":[],"accuracy":[]},"sp3":{"setid":[],"wpm":[],"accuracy":[]}}],"3024yuvmehta":[{"sp1":{"setid":[],"wpm":[],"accuracy":[]},"sp2":{"setid":[],"wpm":[],"accuracy":[]},"sp3":{"setid":[],"wpm":[],"accuracy":[]}},{"sp1":{"setid":[],"wpm":[],"accuracy":[]},"sp2":{"setid":[],"wpm":[],"accuracy":[]},"sp3":{"setid":[],"wpm":[],"accuracy":[]}}],"3024samgupta":[{"sp1":{"setid":[],"wpm":[],"accuracy":[]},"sp2":{"setid":[],"wpm":[],"accuracy":[]},"sp3":{"setid":[],"wpm":[],"accuracy":[]}},{"sp1":{"setid":[],"wpm":[],"accuracy":[]},"sp2":{"setid":[],"wpm":[],"accuracy":[]},"sp3":{"setid":[],"wpm":[],"accuracy":[]}}],"3024savkapoor":[{"sp1":{"setid":[],"wpm":[],"accuracy":[]},"sp2":{"setid":[],"wpm":[],"accuracy":[]},"sp3":{"setid":[],"wpm":[],"accuracy":[]}},{"sp1":{"setid":[],"wpm":[],"accuracy":[]},"sp2":{"setid":[],"wpm":[],"accuracy":[]},"sp3":{"setid":[],"wpm":[],"accuracy":[]}}],"3024agamaheshwari":[{"sp1":{"setid":[],"wpm":[],"accuracy":[]},"sp2":{"setid":[],"wpm":[],"accuracy":[]},"sp3":{"setid":[],"wpm":[],"accuracy":[]}},{"sp1":{"setid":[],"wpm":[],"accuracy":[]},"sp2":{"setid":[],"wpm":[],"accuracy":[]},"sp3":{"setid":[],"wpm":[],"accuracy":[]}}],"3024kaiviral":[{"sp1":{"setid":[],"wpm":[],"accuracy":[]},"sp2":{"setid":[],"wpm":[],"accuracy":[]},"sp3":{"setid":[],"wpm":[],"accuracy":[]}},{"sp1":{"setid":[],"wpm":[],"accuracy":[]},"sp2":{"setid":[],"wpm":[],"accuracy":[]},"sp3":{"setid":[],"wpm":[],"accuracy":[]}}],"3024peoshah":[{"sp1":{"setid":[],"wpm":[],"accuracy":[]},"sp2":{"setid":[],"wpm":[],"accuracy":[]},"sp3":{"setid":[],"wpm":[],"accuracy":[]}},{"sp1":{"setid":[],"wpm":[],"accuracy":[]},"sp2":{"setid":[],"wpm":[],"accuracy":[]},"sp3":{"setid":[],"wpm":[],"accuracy":[]}}],"3024prigore":[{"sp1":{"setid":[],"wpm":[],"accuracy":[]},"sp2":{"setid":[],"wpm":[],"accuracy":[]},"sp3":{"setid":[],"wpm":[],"accuracy":[]}},{"sp1":{"setid":[],"wpm":[],"accuracy":[]},"sp2":{"setid":[],"wpm":[],"accuracy":[]},"sp3":{"setid":[],"wpm":[],"accuracy":[]}}],"3023saisachdev":[{"sp1":{"setid":[],"wpm":[],"accuracy":[]},"sp2":{"setid":[],"wpm":[],"accuracy":[]},"sp3":{"setid":[],"wpm":[],"accuracy":[]}},{"sp1":{"setid":[],"wpm":[],"accuracy":[]},"sp2":{"setid":[],"wpm":[],"accuracy":[]},"sp3":{"setid":[],"wpm":[],"accuracy":[]}}],"3024rutphilip":[{"sp1":{"setid":[],"wpm":[],"accuracy":[]},"sp2":{"setid":[],"wpm":[],"accuracy":[]},"sp3":{"setid":[],"wpm":[],"accuracy":[]}},{"sp1":{"setid":[],"wpm":[],"accuracy":[]},"sp2":{"setid":[],"wpm":[],"accuracy":[]},"sp3":{"setid":[],"wpm":[],"accuracy":[]}}],"3024hripatel":[{"sp1":{"setid":[],"wpm":[],"accuracy":[]},"sp2":{"setid":[],"wpm":[],"accuracy":[]},"sp3":{"setid":[],"wpm":[],"accuracy":[]}},{"sp1":{"setid":[],"wpm":[],"accuracy":[]},"sp2":{"setid":[],"wpm":[],"accuracy":[]},"sp3":{"setid":[],"wpm":[],"accuracy":[]}}],"3024ragrajesh":[{"sp1":{"setid":[],"wpm":[],"accuracy":[]},"sp2":{"setid":[],"wpm":[],"accuracy":[]},"sp3":{"setid":[],"wpm":[],"accuracy":[]}},{"sp1":{"setid":[],"wpm":[],"accuracy":[]},"sp2":{"setid":[],"wpm":[],"accuracy":[]},"sp3":{"setid":[],"wpm":[],"accuracy":[]}}],"3023ansmhatre":[{"sp1":{"setid":[],"wpm":[],"accuracy":[]},"sp2":{"setid":[],"wpm":[],"accuracy":[]},"sp3":{"setid":[],"wpm":[],"accuracy":[]}},{"sp1":{"setid":[],"wpm":[],"accuracy":[]},"sp2":{"setid":[],"wpm":[],"accuracy":[]},"sp3":{"setid":[],"wpm":[],"accuracy":[]}}],"3023aarsorathiya":[{"sp1":{"setid":[],"wpm":[],"accuracy":[]},"sp2":{"setid":[],"wpm":[],"accuracy":[]},"sp3":{"setid":[],"wpm":[],"accuracy":[]}},{"sp1":{"setid":[],"wpm":[],"accuracy":[]},"sp2":{"setid":[],"wpm":[],"accuracy":[]},"sp3":{"setid":[],"wpm":[],"accuracy":[]}}],"3023elisingh":[{"sp1":{"setid":[],"wpm":[],"accuracy":[]},"sp2":{"setid":[],"wpm":[],"accuracy":[]},"sp3":{"setid":[],"wpm":[],"accuracy":[]}},{"sp1":{"setid":[],"wpm":[],"accuracy":[]},"sp2":{"setid":[],"wpm":[],"accuracy":[]},"sp3":{"setid":[],"wpm":[],"accuracy":[]}}],"3023raddudhankar":[{"sp1":{"setid":[],"wpm":[],"accuracy":[]},"sp2":{"setid":[],"wpm":[],"accuracy":[]},"sp3":{"setid":[],"wpm":[],"accuracy":[]}},{"sp1":{"setid":[],"wpm":[],"accuracy":[]},"sp2":{"setid":[],"wpm":[],"accuracy":[]},"sp3":{"setid":[],"wpm":[],"accuracy":[]}}],"3024kartrilok":[{"sp1":{"setid":[],"wpm":[],"accuracy":[]},"sp2":{"setid":[],"wpm":[],"accuracy":[]},"sp3":{"setid":[],"wpm":[],"accuracy":[]}},{"sp1":{"setid":[],"wpm":[],"accuracy":[]},"sp2":{"setid":[],"wpm":[],"accuracy":[]},"sp3":{"setid":[],"wpm":[],"accuracy":[]}}],"3024vedaggarwal":[{"sp1":{"setid":[],"wpm":[],"accuracy":[]},"sp2":{"setid":[],"wpm":[],"accuracy":[]},"sp3":{"setid":[],"wpm":[],"accuracy":[]}},{"sp1":{"setid":[],"wpm":[],"accuracy":[]},"sp2":{"setid":[],"wpm":[],"accuracy":[]},"sp3":{"setid":[],"wpm":[],"accuracy":[]}}],"3024aradoshi":[{"sp1":{"setid":[],"wpm":[],"accuracy":[]},"sp2":{"setid":[],"wpm":[],"accuracy":[]},"sp3":{"setid":[],"wpm":[],"accuracy":[]}},{"sp1":{"setid":[],"wpm":[],"accuracy":[]},"sp2":{"setid":[],"wpm":[],"accuracy":[]},"sp3":{"setid":[],"wpm":[],"accuracy":[]}}],"3024mohmulla":[{"sp1":{"setid":[],"wpm":[],"accuracy":[]},"sp2":{"setid":[],"wpm":[],"accuracy":[]},"sp3":{"setid":[],"wpm":[],"accuracy":[]}},{"sp1":{"setid":[],"wpm":[],"accuracy":[]},"sp2":{"setid":[],"wpm":[],"accuracy":[]},"sp3":{"setid":[],"wpm":[],"accuracy":[]}}],"3024shrkapoor":[{"sp1":{"setid":[],"wpm":[],"accuracy":[]},"sp2":{"setid":[],"wpm":[],"accuracy":[]},"sp3":{"setid":[],"wpm":[],"accuracy":[]}},{"sp1":{"setid":[],"wpm":[],"accuracy":[]},"sp2":{"setid":[],"wpm":[],"accuracy":[]},"sp3":{"setid":[],"wpm":[],"accuracy":[]}}],"3024agashankar":[{"sp1":{"setid":[],"wpm":[],"accuracy":[]},"sp2":{"setid":[],"wpm":[],"accuracy":[]},"sp3":{"setid":[],"wpm":[],"accuracy":[]}},{"sp1":{"setid":[],"wpm":[],"accuracy":[]},"sp2":{"setid":[],"wpm":[],"accuracy":[]},"sp3":{"setid":[],"wpm":[],"accuracy":[]}}],"3024divpatel":[{"sp1":{"setid":[],"wpm":[],"accuracy":[]},"sp2":{"setid":[],"wpm":[],"accuracy":[]},"sp3":{"setid":[],"wpm":[],"accuracy":[]}},{"sp1":{"setid":[],"wpm":[],"accuracy":[]},"sp2":{"setid":[],"wpm":[],"accuracy":[]},"sp3":{"setid":[],"wpm":[],"accuracy":[]}}],"3024neimedak":[{"sp1":{"setid":[],"wpm":[],"accuracy":[]},"sp2":{"setid":[],"wpm":[],"accuracy":[]},"sp3":{"setid":[],"wpm":[],"accuracy":[]}},{"sp1":{"setid":[],"wpm":[],"accuracy":[]},"sp2":{"setid":[],"wpm":[],"accuracy":[]},"sp3":{"setid":[],"wpm":[],"accuracy":[]}}],"3023anvchaturvedi":[{"sp1":{"setid":[],"wpm":[],"accuracy":[]},"sp2":{"setid":[],"wpm":[],"accuracy":[]},"sp3":{"setid":[],"wpm":[],"accuracy":[]}},{"sp1":{"setid":[],"wpm":[],"accuracy":[]},"sp2":{"setid":[],"wpm":[],"accuracy":[]},"sp3":{"setid":[],"wpm":[],"accuracy":[]}}],"3023devsomeshwar":[{"sp1":{"setid":[],"wpm":[],"accuracy":[]},"sp2":{"setid":[],"wpm":[],"accuracy":[]},"sp3":{"setid":[],"wpm":[],"accuracy":[]}},{"sp1":{"setid":[],"wpm":[],"accuracy":[]},"sp2":{"setid":[],"wpm":[],"accuracy":[]},"sp3":{"setid":[],"wpm":[],"accuracy":[]}}],"3023aarjha":[{"sp1":{"setid":[],"wpm":[],"accuracy":[]},"sp2":{"setid":[],"wpm":[],"accuracy":[]},"sp3":{"setid":[],"wpm":[],"accuracy":[]}},{"sp1":{"setid":[],"wpm":[],"accuracy":[]},"sp2":{"setid":[],"wpm":[],"accuracy":[]},"sp3":{"setid":[],"wpm":[],"accuracy":[]}}],"3023anadoshi":[{"sp1":{"setid":[],"wpm":[],"accuracy":[]},"sp2":{"setid":[],"wpm":[],"accuracy":[]},"sp3":{"setid":[],"wpm":[],"accuracy":[]}},{"sp1":{"setid":[],"wpm":[],"accuracy":[]},"sp2":{"setid":[],"wpm":[],"accuracy":[]},"sp3":{"setid":[],"wpm":[],"accuracy":[]}}],"3023kimsalitri":[{"sp1":{"setid":[],"wpm":[],"accuracy":[]},"sp2":{"setid":[],"wpm":[],"accuracy":[]},"sp3":{"setid":[],"wpm":[],"accuracy":[]}},{"sp1":{"setid":[],"wpm":[],"accuracy":[]},"sp2":{"setid":[],"wpm":[],"accuracy":[]},"sp3":{"setid":[],"wpm":[],"accuracy":[]}}],"3023dhysachde":[{"sp1":{"setid":[],"wpm":[],"accuracy":[]},"sp2":{"setid":[],"wpm":[],"accuracy":[]},"sp3":{"setid":[],"wpm":[],"accuracy":[]}},{"sp1":{"setid":[],"wpm":[],"accuracy":[]},"sp2":{"setid":[],"wpm":[],"accuracy":[]},"sp3":{"setid":[],"wpm":[],"accuracy":[]}}],"3023shihemant":[{"sp1":{"setid":[],"wpm":[],"accuracy":[]},"sp2":{"setid":[],"wpm":[],"accuracy":[]},"sp3":{"setid":[],"wpm":[],"accuracy":[]}},{"sp1":{"setid":[],"wpm":[],"accuracy":[]},"sp2":{"setid":[],"wpm":[],"accuracy":[]},"sp3":{"setid":[],"wpm":[],"accuracy":[]}}],"3024saagupta":[{"sp1":{"setid":[],"wpm":[],"accuracy":[]},"sp2":{"setid":[],"wpm":[],"accuracy":[]},"sp3":{"setid":[],"wpm":[],"accuracy":[]}},{"sp1":{"setid":[],"wpm":[],"accuracy":[]},"sp2":{"setid":[],"wpm":[],"accuracy":[]},"sp3":{"setid":[],"wpm":[],"accuracy":[]}}],"3024yeesanghvi":[{"sp1":{"setid":[],"wpm":[],"accuracy":[]},"sp2":{"setid":[],"wpm":[],"accuracy":[]},"sp3":{"setid":[],"wpm":[],"accuracy":[]}},{"sp1":{"setid":[],"wpm":[],"accuracy":[]},"sp2":{"setid":[],"wpm":[],"accuracy":[]},"sp3":{"setid":[],"wpm":[],"accuracy":[]}}],"3024malchavan":[{"sp1":{"setid":[],"wpm":[],"accuracy":[]},"sp2":{"setid":[],"wpm":[],"accuracy":[]},"sp3":{"setid":[],"wpm":[],"accuracy":[]}},{"sp1":{"setid":[],"wpm":[],"accuracy":[]},"sp2":{"setid":[],"wpm":[],"accuracy":[]},"sp3":{"setid":[],"wpm":[],"accuracy":[]}}],"3024athaggarwal":[{"sp1":{"setid":[],"wpm":[],"accuracy":[]},"sp2":{"setid":[],"wpm":[],"accuracy":[]},"sp3":{"setid":[],"wpm":[],"accuracy":[]}},{"sp1":{"setid":[],"wpm":[],"accuracy":[]},"sp2":{"setid":[],"wpm":[],"accuracy":[]},"sp3":{"setid":[],"wpm":[],"accuracy":[]}}],"3024zeetrivedi":[{"sp1":{"setid":[],"wpm":[],"accuracy":[]},"sp2":{"setid":[],"wpm":[],"accuracy":[]},"sp3":{"setid":[],"wpm":[],"accuracy":[]}},{"sp1":{"setid":[],"wpm":[],"accuracy":[]},"sp2":{"setid":[],"wpm":[],"accuracy":[]},"sp3":{"setid":[],"wpm":[],"accuracy":[]}}],"3024jihjiju":[{"sp1":{"setid":[],"wpm":[],"accuracy":[]},"sp2":{"setid":[],"wpm":[],"accuracy":[]},"sp3":{"setid":[],"wpm":[],"accuracy":[]}},{"sp1":{"setid":[],"wpm":[],"accuracy":[]},"sp2":{"setid":[],"wpm":[],"accuracy":[]},"sp3":{"setid":[],"wpm":[],"accuracy":[]}}],"3024hanjoseph":[{"sp1":{"setid":[],"wpm":[],"accuracy":[]},"sp2":{"setid":[],"wpm":[],"accuracy":[]},"sp3":{"setid":[],"wpm":[],"accuracy":[]}},{"sp1":{"setid":[],"wpm":[],"accuracy":[]},"sp2":{"setid":[],"wpm":[],"accuracy":[]},"sp3":{"setid":[],"wpm":[],"accuracy":[]}}],"3023jiashah":[{"sp1":{"setid":[],"wpm":[],"accuracy":[]},"sp2":{"setid":[],"wpm":[],"accuracy":[]},"sp3":{"setid":[],"wpm":[],"accuracy":[]}},{"sp1":{"setid":[],"wpm":[],"accuracy":[]},"sp2":{"setid":[],"wpm":[],"accuracy":[]},"sp3":{"setid":[],"wpm":[],"accuracy":[]}}],"3023lastallamraju":[{"sp1":{"setid":[],"wpm":[],"accuracy":[]},"sp2":{"setid":[],"wpm":[],"accuracy":[]},"sp3":{"setid":[],"wpm":[],"accuracy":[]}},{"sp1":{"setid":[],"wpm":[],"accuracy":[]},"sp2":{"setid":[],"wpm":[],"accuracy":[]},"sp3":{"setid":[],"wpm":[],"accuracy":[]}}],"3023aasthakker":[{"sp1":{"setid":[],"wpm":[],"accuracy":[]},"sp2":{"setid":[],"wpm":[],"accuracy":[]},"sp3":{"setid":[],"wpm":[],"accuracy":[]}},{"sp1":{"setid":[],"wpm":[],"accuracy":[]},"sp2":{"setid":[],"wpm":[],"accuracy":[]},"sp3":{"setid":[],"wpm":[],"accuracy":[]}}],"3023diyshah":[{"sp1":{"setid":[],"wpm":[],"accuracy":[]},"sp2":{"setid":[],"wpm":[],"accuracy":[]},"sp3":{"setid":[],"wpm":[],"accuracy":[]}},{"sp1":{"setid":[],"wpm":[],"accuracy":[]},"sp2":{"setid":[],"wpm":[],"accuracy":[]},"sp3":{"setid":[],"wpm":[],"accuracy":[]}}],"3023jiaparekh":[{"sp1":{"setid":[],"wpm":[],"accuracy":[]},"sp2":{"setid":[],"wpm":[],"accuracy":[]},"sp3":{"setid":[],"wpm":[],"accuracy":[]}},{"sp1":{"setid":[],"wpm":[],"accuracy":[]},"sp2":{"setid":[],"wpm":[],"accuracy":[]},"sp3":{"setid":[],"wpm":[],"accuracy":[]}}],"3023rajbhanushali":[{"sp1":{"setid":[],"wpm":[],"accuracy":[]},"sp2":{"setid":[],"wpm":[],"accuracy":[]},"sp3":{"setid":[],"wpm":[],"accuracy":[]}},{"sp1":{"setid":[],"wpm":[],"accuracy":[]},"sp2":{"setid":[],"wpm":[],"accuracy":[]},"sp3":{"setid":[],"wpm":[],"accuracy":[]}}],"3023ridiyer":[{"sp1":{"setid":[],"wpm":[],"accuracy":[]},"sp2":{"setid":[],"wpm":[],"accuracy":[]},"sp3":{"setid":[],"wpm":[],"accuracy":[]}},{"sp1":{"setid":[],"wpm":[],"accuracy":[]},"sp2":{"setid":[],"wpm":[],"accuracy":[]},"sp3":{"setid":[],"wpm":[],"accuracy":[]}}],"3024vedsharma":[{"sp1":{"setid":[],"wpm":[],"accuracy":[]},"sp2":{"setid":[],"wpm":[],"accuracy":[]},"sp3":{"setid":[],"wpm":[],"accuracy":[]}},{"sp1":{"setid":[],"wpm":[],"accuracy":[]},"sp2":{"setid":[],"wpm":[],"accuracy":[]},"sp3":{"setid":[],"wpm":[],"accuracy":[]}}],"3024pravaidya":[{"sp1":{"setid":[],"wpm":[],"accuracy":[]},"sp2":{"setid":[],"wpm":[],"accuracy":[]},"sp3":{"setid":[],"wpm":[],"accuracy":[]}},{"sp1":{"setid":[],"wpm":[],"accuracy":[]},"sp2":{"setid":[],"wpm":[],"accuracy":[]},"sp3":{"setid":[],"wpm":[],"accuracy":[]}}],"3024mansaigal":[{"sp1":{"setid":[],"wpm":[],"accuracy":[]},"sp2":{"setid":[],"wpm":[],"accuracy":[]},"sp3":{"setid":[],"wpm":[],"accuracy":[]}},{"sp1":{"setid":[],"wpm":[],"accuracy":[]},"sp2":{"setid":[],"wpm":[],"accuracy":[]},"sp3":{"setid":[],"wpm":[],"accuracy":[]}}],"3024yousuvarna":[{"sp1":{"setid":[],"wpm":[],"accuracy":[]},"sp2":{"setid":[],"wpm":[],"accuracy":[]},"sp3":{"setid":[],"wpm":[],"accuracy":[]}},{"sp1":{"setid":[],"wpm":[],"accuracy":[]},"sp2":{"setid":[],"wpm":[],"accuracy":[]},"sp3":{"setid":[],"wpm":[],"accuracy":[]}}],"3024jiajiju":[{"sp1":{"setid":[],"wpm":[],"accuracy":[]},"sp2":{"setid":[],"wpm":[],"accuracy":[]},"sp3":{"setid":[],"wpm":[],"accuracy":[]}},{"sp1":{"setid":[],"wpm":[],"accuracy":[]},"sp2":{"setid":[],"wpm":[],"accuracy":[]},"sp3":{"setid":[],"wpm":[],"accuracy":[]}}],"3024shabhalwankar":[{"sp1":{"setid":[],"wpm":[],"accuracy":[]},"sp2":{"setid":[],"wpm":[],"accuracy":[]},"sp3":{"setid":[],"wpm":[],"accuracy":[]}},{"sp1":{"setid":[],"wpm":[],"accuracy":[]},"sp2":{"setid":[],"wpm":[],"accuracy":[]},"sp3":{"setid":[],"wpm":[],"accuracy":[]}}],"3024alisahani":[{"sp1":{"setid":[],"wpm":[],"accuracy":[]},"sp2":{"setid":[],"wpm":[],"accuracy":[]},"sp3":{"setid":[],"wpm":[],"accuracy":[]}},{"sp1":{"setid":[],"wpm":[],"accuracy":[]},"sp2":{"setid":[],"wpm":[],"accuracy":[]},"sp3":{"setid":[],"wpm":[],"accuracy":[]}}],"3024aarlimbasiya":[{"sp1":{"setid":[],"wpm":[],"accuracy":[]},"sp2":{"setid":[],"wpm":[],"accuracy":[]},"sp3":{"setid":[],"wpm":[],"accuracy":[]}},{"sp1":{"setid":[],"wpm":[],"accuracy":[]},"sp2":{"setid":[],"wpm":[],"accuracy":[]},"sp3":{"setid":[],"wpm":[],"accuracy":[]}}],"3024ayashetty":[{"sp1":{"setid":[],"wpm":[],"accuracy":[]},"sp2":{"setid":[],"wpm":[],"accuracy":[]},"sp3":{"setid":[],"wpm":[],"accuracy":[]}},{"sp1":{"setid":[],"wpm":[],"accuracy":[]},"sp2":{"setid":[],"wpm":[],"accuracy":[]},"sp3":{"setid":[],"wpm":[],"accuracy":[]}}],"3024ishsiddhu":[{"sp1":{"setid":[],"wpm":[],"accuracy":[]},"sp2":{"setid":[],"wpm":[],"accuracy":[]},"sp3":{"setid":[],"wpm":[],"accuracy":[]}},{"sp1":{"setid":[],"wpm":[],"accuracy":[]},"sp2":{"setid":[],"wpm":[],"accuracy":[]},"sp3":{"setid":[],"wpm":[],"accuracy":[]}}],"3023tanchand":[{"sp1":{"setid":[],"wpm":[],"accuracy":[]},"sp2":{"setid":[],"wpm":[],"accuracy":[]},"sp3":{"setid":[],"wpm":[],"accuracy":[]}},{"sp1":{"setid":[],"wpm":[],"accuracy":[]},"sp2":{"setid":[],"wpm":[],"accuracy":[]},"sp3":{"setid":[],"wpm":[],"accuracy":[]}}],"3023idhrishikesh":[{"sp1":{"setid":[],"wpm":[],"accuracy":[]},"sp2":{"setid":[],"wpm":[],"accuracy":[]},"sp3":{"setid":[],"wpm":[],"accuracy":[]}},{"sp1":{"setid":[],"wpm":[],"accuracy":[]},"sp2":{"setid":[],"wpm":[],"accuracy":[]},"sp3":{"setid":[],"wpm":[],"accuracy":[]}}],"3023shanaraayanan":[{"sp1":{"setid":[],"wpm":[],"accuracy":[]},"sp2":{"setid":[],"wpm":[],"accuracy":[]},"sp3":{"setid":[],"wpm":[],"accuracy":[]}},{"sp1":{"setid":[],"wpm":[],"accuracy":[]},"sp2":{"setid":[],"wpm":[],"accuracy":[]},"sp3":{"setid":[],"wpm":[],"accuracy":[]}}],"3023jaygala":[{"sp1":{"setid":[],"wpm":[],"accuracy":[]},"sp2":{"setid":[],"wpm":[],"accuracy":[]},"sp3":{"setid":[],"wpm":[],"accuracy":[]}},{"sp1":{"setid":[],"wpm":[],"accuracy":[]},"sp2":{"setid":[],"wpm":[],"accuracy":[]},"sp3":{"setid":[],"wpm":[],"accuracy":[]}}],"3023diabhanushali":[{"sp1":{"setid":[],"wpm":[],"accuracy":[]},"sp2":{"setid":[],"wpm":[],"accuracy":[]},"sp3":{"setid":[],"wpm":[],"accuracy":[]}},{"sp1":{"setid":[],"wpm":[],"accuracy":[]},"sp2":{"setid":[],"wpm":[],"accuracy":[]},"sp3":{"setid":[],"wpm":[],"accuracy":[]}}],"3023mahshah":[{"sp1":{"setid":[],"wpm":[],"accuracy":[]},"sp2":{"setid":[],"wpm":[],"accuracy":[]},"sp3":{"setid":[],"wpm":[],"accuracy":[]}},{"sp1":{"setid":[],"wpm":[],"accuracy":[]},"sp2":{"setid":[],"wpm":[],"accuracy":[]},"sp3":{"setid":[],"wpm":[],"accuracy":[]}}]}