{"3024gyamishra":{"teacherID":2,"districtID":30,"counterbalance_group":[0,0,0]},"3024yaashah":{"teacherID":2,"districtID":30,"counterbalance_group":[0,0,1]},"3024yuvmehta":{"teacherID":2,"districtID":30,"counterbalance_group":[0,1,0]},"3024samgupta":{"teacherID":2,"districtID":30,"counterbalance_group":[0,1,1]},"3024savkapoor":{"teacherID":2,"districtID":30,"counterbalance_group":[0,2,0]},"3024agamaheshwari":{"teacherID":2,"districtID":30,"counterbalance_group":[0,2,1]},"3024kaiviral":{"teacherID":2,"districtID":30,"counterbalance_group":[0,3,0]},"3024peoshah":{"teacherID":2,"districtID":30,"counterbalance_group":[0,3,1]},"3024prigore":{"teacherID":2,"districtID":30,"counterbalance_group":[0,4,0]},"3023saisachdev":{"teacherID":2,"districtID":30,"counterbalance_group":[0,4,1]},"3024rutphilip":{"teacherID":2,"districtID":30,"counterbalance_group":[0,5,0]},"3024hripatel":{"teacherID":2,"districtID":30,"counterbalance_group":[0,5,1]},"3024ragrajesh":{"teacherID":2,"districtID":30,"counterbalance_group":[1,0,0]},"3023ansmhatre":{"teacherID":2,"districtID":30,"counterbalance_group":[1,0,1]},"3023aarsorathiya":{"teacherID":2,"districtID":30,"counterbalance_group":[1,1,0]},"3023elisingh":{"teacherID":2,"districtID":30,"counterbalance_group":[1,1,1]},"3023raddudhankar":{"teacherID":2,"districtID":30,"counterbalance_group":[1,2,0]},"3024kartrilok":{"teacherID":2,"districtID":30,"counterbalance_group":[1,2,1]},"3024vedaggarwal":{"teacherID":2,"districtID":30,"counterbalance_group":[1,3,0]},"3024aradoshi":{"teacherID":2,"districtID":30,"counterbalance_group":[1,3,1]},"3024mohmulla":{"teacherID":2,"districtID":30,"counterbalance_group":[1,4,0]},"3024shrkapoor":{"teacherID":2,"districtID":30,"counterbalance_group":[1,4,1]},"3024agashankar":{"teacherID":2,"districtID":30,"counterbalance_group":[1,5,0]},"3024divpatel":{"teacherID":2,"districtID":30,"counterbalance_group":[1,5,1]},"3024neimedak":{"teacherID":2,"districtID":30,"counterbalance_group":[2,0,0]},"3023anvchaturvedi":{"teacherID":2,"districtID":30,"counterbalance_group":[2,0,1]},"3023devsomeshwar":{"teacherID":2,"districtID":30,"counterbalance_group":[2,1,0]},"3023aarjha":{"teacherID":2,"districtID":30,"counterbalance_group":[2,1,1]},"3023anadoshi":{"teacherID":2,"districtID":30,"counterbalance_group":[2,2,0]},"3023kimsalitri":{"teacherID":2,"districtID":30,"counterbalance_group":[2,2,1]},"3023dhysachde":{"teacherID":2,"districtID":30,"counterbalance_group":[2,3,0]},"3023shihemant":{"teacherID":2,"districtID":30,"counterbalance_group":[2,3,1]},"3024saagupta":{"teacherID":2,"districtID":30,"counterbalance_group":[2,4,0]},"3024yeesanghvi":{"teacherID":2,"districtID":30,"counterbalance_group":[2,4,1]},"3024malchavan":{"teacherID":2,"districtID":30,"counterbalance_group":[2,5,0]},"3024athaggarwal":{"teacherID":2,"districtID":30,"counterbalance_group":[2,5,1]},"3024zeetrivedi":{"teacherID":2,"districtID":30,"counterbalance_group":[3,0,0]},"3024jihjiju":{"teacherID":2,"districtID":30,"counterbalance_group":[3,0,1]},"3024hanjoseph":{"teacherID":2,"districtID":30,"counterbalance_group":[3,1,0]},"3023jiashah":{"teacherID":2,"districtID":30,"counterbalance_group":[3,1,1]},"3023lastallamraju":{"teacherID":2,"districtID":30,"counterbalance_group":[3,2,0]},"3023aasthakker":{"teacherID":2,"districtID":30,"counterbalance_group":[3,2,1]},"3023diyshah":{"teacherID":2,"districtID":30,"counterbalance_group":[3,3,0]},"3023jiaparekh":{"teacherID":2,"districtID":30,"counterbalance_group":[3,3,1]},"3023rajbhanushali":{"teacherID":2,"districtID":30,"counterbalance_group":[3,4,0]},"3023ridiyer":{"teacherID":2,"districtID":30,"counterbalance_group":[3,4,1]},"3024vedsharma":{"teacherID":2,"districtID":30,"counterbalance_group":[3,5,0]},"3024pravaidya":{"teacherID":2,"districtID":30,"counterbalance_group":[3,5,1]},"3024mansaigal":{"teacherID":2,"districtID":30,"counterbalance_group":[4,0,0]},"3024yousuvarna":{"teacherID":2,"districtID":30,"counterbalance_group":[4,0,1]},"3024jiajiju":{"teacherID":2,"districtID":30,"counterbalance_group":[4,1,0]},"3024shabhalwankar":{"teacherID":2,"districtID":30,"counterbalance_group":[4,1,1]},"3024alisahani":{"teacherID":2,"districtID":30,"counterbalance_group":[4,2,0]},"3024aarlimbasiya":{"teacherID":2,"districtID":30,"counterbalance_group":[4,2,1]},"3024ayashetty":{"teacherID":2,"districtID":30,"counterbalance_group":[4,3,0]},"3024ishsiddhu":{"teacherID":2,"districtID":30,"counterbalance_group":[4,3,1]},"3023tanchand":{"teacherID":2,"districtID":30,"counterbalance_group":[4,4,0]},"3023idhrishikesh":{"teacherID":2,"districtID":30,"counterbalance_group":[4,4,1]},"3023shanaraayanan":{"teacherID":2,"districtID":30,"counterbalance_group":[4,5,0]},"3023jaygala":{"teacherID":2,"districtID":30,"counterbalance_group":[4,5,1]},"3023diabhanushali":{"teacherID":2,"districtID":30,"counterbalance_group":[5,0,0]},"3023mahshah":{"teacherID":2,"districtID":30,"counterbalance_group":[5,0,1]}}