{"test023A":[{"sp1":{"setid":[],"wpm":[],"accuracy":[]},"sp2":{"setid":[],"wpm":[],"accuracy":[]},"sp3":{"setid":[],"wpm":[],"accuracy":[]}},{"sp1":{"setid":[],"wpm":[],"accuracy":[]},"sp2":{"setid":[],"wpm":[],"accuracy":[]},"sp3":{"setid":[],"wpm":[],"accuracy":[]}}],"test040B":[{"sp1":{"setid":[],"wpm":[],"accuracy":[]},"sp2":{"setid":[],"wpm":[],"accuracy":[]},"sp3":{"setid":[],"wpm":[],"accuracy":[]}},{"sp1":{"setid":[],"wpm":[],"accuracy":[]},"sp2":{"setid":[],"wpm":[],"accuracy":[]},"sp3":{"setid":[],"wpm":[],"accuracy":[]}}],"test023C":[{"sp1":{"setid":[],"wpm":[],"accuracy":[]},"sp2":{"setid":[],"wpm":[],"accuracy":[]},"sp3":{"setid":[],"wpm":[],"accuracy":[]}},{"sp1":{"setid":[],"wpm":[],"accuracy":[]},"sp2":{"setid":[],"wpm":[],"accuracy":[]},"sp3":{"setid":[],"wpm":[],"accuracy":[]}}],"test054D":[{"sp1":{"setid":[],"wpm":[],"accuracy":[]},"sp2":{"setid":[],"wpm":[],"accuracy":[]},"sp3":{"setid":[],"wpm":[],"accuracy":[]}},{"sp1":{"setid":[],"wpm":[],"accuracy":[]},"sp2":{"setid":[],"wpm":[],"accuracy":[]},"sp3":{"setid":[],"wpm":[],"accuracy":[]}}],"test065E":[{"sp1":{"setid":[],"wpm":[],"accuracy":[]},"sp2":{"setid":[],"wpm":[],"accuracy":[]},"sp3":{"setid":[],"wpm":[],"accuracy":[]}},{"sp1":{"setid":[],"wpm":[],"accuracy":[]},"sp2":{"setid":[],"wpm":[],"accuracy":[]},"sp3":{"setid":[],"wpm":[],"accuracy":[]}}],"test066F":[{"sp1":{"setid":[],"wpm":[],"accuracy":[]},"sp2":{"setid":[],"wpm":[],"accuracy":[]},"sp3":{"setid":[],"wpm":[],"accuracy":[]}},{"sp1":{"setid":[],"wpm":[],"accuracy":[]},"sp2":{"setid":[],"wpm":[],"accuracy":[]},"sp3":{"setid":[],"wpm":[],"accuracy":[]}}],"test077G":[{"sp1":{"setid":[],"wpm":[],"accuracy":[]},"sp2":{"setid":[],"wpm":[],"accuracy":[]},"sp3":{"setid":[],"wpm":[],"accuracy":[]}},{"sp1":{"setid":[],"wpm":[],"accuracy":[]},"sp2":{"setid":[],"wpm":[],"accuracy":[]},"sp3":{"setid":[],"wpm":[],"accuracy":[]}}],"test088A":[{"sp1":{"setid":[],"wpm":[],"accuracy":[]},"sp2":{"setid":[],"wpm":[],"accuracy":[]},"sp3":{"setid":[],"wpm":[],"accuracy":[]}},{"sp1":{"setid":[],"wpm":[],"accuracy":[]},"sp2":{"setid":[],"wpm":[],"accuracy":[]},"sp3":{"setid":[],"wpm":[],"accuracy":[]}}],"test099B":[{"sp1":{"setid":[],"wpm":[],"accuracy":[]},"sp2":{"setid":[],"wpm":[],"accuracy":[]},"sp3":{"setid":[],"wpm":[],"accuracy":[]}},{"sp1":{"setid":[],"wpm":[],"accuracy":[]},"sp2":{"setid":[],"wpm":[],"accuracy":[]},"sp3":{"setid":[],"wpm":[],"accuracy":[]}}],"test019C":[{"sp1":{"setid":[],"wpm":[],"accuracy":[]},"sp2":{"setid":[],"wpm":[],"accuracy":[]},"sp3":{"setid":[],"wpm":[],"accuracy":[]}},{"sp1":{"setid":[],"wpm":[],"accuracy":[]},"sp2":{"setid":[],"wpm":[],"accuracy":[]},"sp3":{"setid":[],"wpm":[],"accuracy":[]}}],"test044D":[{"sp1":{"setid":[],"wpm":[],"accuracy":[]},"sp2":{"setid":[],"wpm":[],"accuracy":[]},"sp3":{"setid":[],"wpm":[],"accuracy":[]}},{"sp1":{"setid":[],"wpm":[],"accuracy":[]},"sp2":{"setid":[],"wpm":[],"accuracy":[]},"sp3":{"setid":[],"wpm":[],"accuracy":[]}}],"test055E":[{"sp1":{"setid":[],"wpm":[],"accuracy":[]},"sp2":{"setid":[],"wpm":[],"accuracy":[]},"sp3":{"setid":[],"wpm":[],"accuracy":[]}},{"sp1":{"setid":[],"wpm":[],"accuracy":[]},"sp2":{"setid":[],"wpm":[],"accuracy":[]},"sp3":{"setid":[],"wpm":[],"accuracy":[]}}]}