{"test023A":{"teacherID":"teacher001","districtID":"dist001","counterbalance_group":[0,0,0]},"test040B":{"teacherID":"teacher001","districtID":"dist001","counterbalance_group":[0,2,1]},"test023C":{"teacherID":"teacher001","districtID":"dist001","counterbalance_group":[1,0,0]},"test054D":{"teacherID":"teacher001","districtID":"dist001","counterbalance_group":[1,3,1]},"test065E":{"teacherID":"teacher001","districtID":"dist001","counterbalance_group":[2,0,0]},"test066F":{"teacherID":"teacher001","districtID":"dist001","counterbalance_group":[2,4,1]},"test077G":{"teacherID":"teacher002","districtID":"dist001","counterbalance_group":[3,0,0]},"test088A":{"teacherID":"teacher002","districtID":"dist001","counterbalance_group":[3,5,1]},"test099B":{"teacherID":"teacher002","districtID":"dist001","counterbalance_group":[4,0,0]},"test019C":{"teacherID":"teacher002","districtID":"dist001","counterbalance_group":[4,0,1]},"test044D":{"teacherID":"teacher002","districtID":"dist001","counterbalance_group":[5,0,0]},"test055E":{"teacherID":"teacher002","districtID":"dist001","counterbalance_group":[5,1,1]}}