{"test023A":{"name":"none","t1_status":"notStarted","t1_leftTrial":0,"t1_trialOrder":[[],[],[]],"t2_status":"notStarted","t2_leftTrial":0,"t2_trialOrder":[[],[],[]],"t3_status":"notStarted","t3_leftTrial":0,"t3_trialOrder":[[],[],[]],"completionDates":["undefined","undefined","undefined"]},"test040B":{"name":"none","t1_status":"notStarted","t1_leftTrial":0,"t1_trialOrder":[[],[],[]],"t2_status":"notStarted","t2_leftTrial":0,"t2_trialOrder":[[],[],[]],"t3_status":"notStarted","t3_leftTrial":0,"t3_trialOrder":[[],[],[]],"completionDates":["undefined","undefined","undefined"]},"test023C":{"name":"none","t1_status":"notStarted","t1_leftTrial":0,"t1_trialOrder":[[],[],[]],"t2_status":"notStarted","t2_leftTrial":0,"t2_trialOrder":[[],[],[]],"t3_status":"notStarted","t3_leftTrial":0,"t3_trialOrder":[[],[],[]],"completionDates":["undefined","undefined","undefined"]},"test054D":{"name":"none","t1_status":"notStarted","t1_leftTrial":0,"t1_trialOrder":[[],[],[]],"t2_status":"notStarted","t2_leftTrial":0,"t2_trialOrder":[[],[],[]],"t3_status":"notStarted","t3_leftTrial":0,"t3_trialOrder":[[],[],[]],"completionDates":["undefined","undefined","undefined"]},"test065E":{"name":"none","t1_status":"notStarted","t1_leftTrial":0,"t1_trialOrder":[[],[],[]],"t2_status":"notStarted","t2_leftTrial":0,"t2_trialOrder":[[],[],[]],"t3_status":"notStarted","t3_leftTrial":0,"t3_trialOrder":[[],[],[]],"completionDates":["undefined","undefined","undefined"]},"test066F":{"name":"none","t1_status":"notStarted","t1_leftTrial":0,"t1_trialOrder":[[],[],[]],"t2_status":"notStarted","t2_leftTrial":0,"t2_trialOrder":[[],[],[]],"t3_status":"notStarted","t3_leftTrial":0,"t3_trialOrder":[[],[],[]],"completionDates":["undefined","undefined","undefined"]},"test077G":{"name":"none","t1_status":"notStarted","t1_leftTrial":0,"t1_trialOrder":[[],[],[]],"t2_status":"notStarted","t2_leftTrial":0,"t2_trialOrder":[[],[],[]],"t3_status":"notStarted","t3_leftTrial":0,"t3_trialOrder":[[],[],[]],"completionDates":["undefined","undefined","undefined"]},"test088A":{"name":"none","t1_status":"notStarted","t1_leftTrial":0,"t1_trialOrder":[[],[],[]],"t2_status":"notStarted","t2_leftTrial":0,"t2_trialOrder":[[],[],[]],"t3_status":"notStarted","t3_leftTrial":0,"t3_trialOrder":[[],[],[]],"completionDates":["undefined","undefined","undefined"]},"test099B":{"name":"none","t1_status":"notStarted","t1_leftTrial":0,"t1_trialOrder":[[],[],[]],"t2_status":"notStarted","t2_leftTrial":0,"t2_trialOrder":[[],[],[]],"t3_status":"notStarted","t3_leftTrial":0,"t3_trialOrder":[[],[],[]],"completionDates":["undefined","undefined","undefined"]},"test019C":{"name":"none","t1_status":"notStarted","t1_leftTrial":0,"t1_trialOrder":[[],[],[]],"t2_status":"notStarted","t2_leftTrial":0,"t2_trialOrder":[[],[],[]],"t3_status":"notStarted","t3_leftTrial":0,"t3_trialOrder":[[],[],[]],"completionDates":["undefined","undefined","undefined"]},"test044D":{"name":"none","t1_status":"notStarted","t1_leftTrial":0,"t1_trialOrder":[[],[],[]],"t2_status":"notStarted","t2_leftTrial":0,"t2_trialOrder":[[],[],[]],"t3_status":"notStarted","t3_leftTrial":0,"t3_trialOrder":[[],[],[]],"completionDates":["undefined","undefined","undefined"]},"test055E":{"name":"none","t1_status":"notStarted","t1_leftTrial":0,"t1_trialOrder":[[],[],[]],"t2_status":"notStarted","t2_leftTrial":0,"t2_trialOrder":[[],[],[]],"t3_status":"notStarted","t3_leftTrial":0,"t3_trialOrder":[[],[],[]],"completionDates":["undefined","undefined","undefined"]}}